Workbook

Sheet GENERAL
AI1: TIENE POSTVENTA | AN1: TIENE POSTVENTA
AI2: NO TIENE POSTVENTA | AN2: NO TIENE POSTVENTA
AI3: POSTVENTA CORREGIDA | AN3: POSTVENTA CORREGIDA
B4: Item | C4: DETALLES | D4: CAPITULO ASIGNADO | E4: CASA #02 | F4: CASA #03 | G4: CASA #04 | H4: CASA #05 | I4: CASA #07 | J4: CASA #11 | K4: CASA #12 | L4: CASA #14 | M4: CASA #15 | N4: CASA #17 | O4: CASA #18 | P4: CASA #19 | Q4: CASA #21 | R4: CASA #22 | S4: CASA #23 | T4: CASA #24 | U4: CASA #25 | V4: CASA #26 | W4: CASA #27 | X4: CASA #28 | Y4: CASA #29 | Z4: CASA #30 | AA4: CASA #31 | AB4: CASA #32 | AC4: CASA #33 | AD4: CASA #35 | AE4: CASA #36 | AF4: CASA #37 | AG4: CASA #38 | AH4: CASA #40 | AI4: CASA #42 | AJ4: CASA #43 | AK4: CASA #44 | AL4: CASA #45 | AM4: CASA #46 | AN4: CASA #47
A6: SALA COMEDOR | B6: 1 | C6: Puerta en madera acceso p/pal | D6: CARPINTERIA EN MADERA | E6: TIENE POSTVENTA | F6: POSTVENTA CORREGIDA | G6: POSTVENTA CORREGIDA | H6: TIENE POSTVENTA | I6: POSTVENTA CORREGIDA | J6: POSTVENTA CORREGIDA | K6: POSTVENTA CORREGIDA | L6: POSTVENTA CORREGIDA | M6: POSTVENTA CORREGIDA | N6: TIENE POSTVENTA | O6: POSTVENTA CORREGIDA | P6: POSTVENTA CORREGIDA | Q6: TIENE POSTVENTA | R6: TIENE POSTVENTA | S6: POSTVENTA CORREGIDA | T6: POSTVENTA CORREGIDA | U6: POSTVENTA CORREGIDA | V6: POSTVENTA CORREGIDA | W6: POSTVENTA CORREGIDA | X6: POSTVENTA CORREGIDA | Y6: POSTVENTA CORREGIDA | Z6: POSTVENTA CORREGIDA | AA6: POSTVENTA CORREGIDA | AB6: POSTVENTA CORREGIDA | AC6: POSTVENTA CORREGIDA | AD6: POSTVENTA CORREGIDA | AE6: TIENE POSTVENTA | AF6: POSTVENTA CORREGIDA | AG6: POSTVENTA CORREGIDA | AH6: TIENE POSTVENTA | AI6: POSTVENTA CORREGIDA | AJ6: POSTVENTA CORREGIDA | AK6: POSTVENTA CORREGIDA | AL6: POSTVENTA CORREGIDA | AM6: POSTVENTA CORREGIDA | AN6: TIENE POSTVENTA
B7: =B6+1 -> 2 | C7: Cerradura Puerta Principal con llaves | D7: CARPINTERIA EN MADERA | E7: TIENE POSTVENTA | F7: POSTVENTA CORREGIDA | G7: POSTVENTA CORREGIDA | H7: TIENE POSTVENTA | I7: POSTVENTA CORREGIDA | J7: POSTVENTA CORREGIDA | K7: POSTVENTA CORREGIDA | L7: POSTVENTA CORREGIDA | M7: POSTVENTA CORREGIDA | N7: POSTVENTA CORREGIDA | O7: POSTVENTA CORREGIDA | P7: POSTVENTA CORREGIDA | Q7: POSTVENTA CORREGIDA | R7: POSTVENTA CORREGIDA | S7: POSTVENTA CORREGIDA | T7: POSTVENTA CORREGIDA | U7: POSTVENTA CORREGIDA | V7: POSTVENTA CORREGIDA | W7: POSTVENTA CORREGIDA | X7: POSTVENTA CORREGIDA | Y7: POSTVENTA CORREGIDA | Z7: POSTVENTA CORREGIDA | AA7: POSTVENTA CORREGIDA | AB7: POSTVENTA CORREGIDA | AC7: POSTVENTA CORREGIDA | AD7: POSTVENTA CORREGIDA | AE7: POSTVENTA CORREGIDA | AF7: POSTVENTA CORREGIDA | AG7: POSTVENTA CORREGIDA | AH7: POSTVENTA CORREGIDA | AI7: POSTVENTA CORREGIDA | AJ7: POSTVENTA CORREGIDA | AK7: POSTVENTA CORREGIDA | AL7: POSTVENTA CORREGIDA | AM7: POSTVENTA CORREGIDA | AN7: POSTVENTA CORREGIDA
B8: 3 | C8: Tope de puerta | D8: CARPINTERIA EN MADERA | E8: TIENE POSTVENTA | F8: POSTVENTA CORREGIDA | G8: POSTVENTA CORREGIDA | H8: TIENE POSTVENTA | I8: POSTVENTA CORREGIDA | J8: POSTVENTA CORREGIDA | K8: POSTVENTA CORREGIDA | L8: POSTVENTA CORREGIDA | M8: POSTVENTA CORREGIDA | N8: POSTVENTA CORREGIDA | O8: POSTVENTA CORREGIDA | P8: POSTVENTA CORREGIDA | Q8: POSTVENTA CORREGIDA | R8: POSTVENTA CORREGIDA | S8: POSTVENTA CORREGIDA | T8: POSTVENTA CORREGIDA | U8: POSTVENTA CORREGIDA | V8: POSTVENTA CORREGIDA | W8: POSTVENTA CORREGIDA | X8: POSTVENTA CORREGIDA | Y8: POSTVENTA CORREGIDA | Z8: POSTVENTA CORREGIDA | AA8: POSTVENTA CORREGIDA | AB8: POSTVENTA CORREGIDA | AC8: POSTVENTA CORREGIDA | AD8: POSTVENTA CORREGIDA | AE8: POSTVENTA CORREGIDA | AF8: POSTVENTA CORREGIDA | AG8: POSTVENTA CORREGIDA | AH8: POSTVENTA CORREGIDA | AI8: POSTVENTA CORREGIDA | AJ8: POSTVENTA CORREGIDA | AK8: POSTVENTA CORREGIDA | AL8: POSTVENTA CORREGIDA | AM8: POSTVENTA CORREGIDA | AN8: POSTVENTA CORREGIDA
B9: 4 | C9: Timbre | D9: REDES ELECTRICAS | E9: TIENE POSTVENTA | F9: POSTVENTA CORREGIDA | G9: POSTVENTA CORREGIDA | H9: TIENE POSTVENTA | I9: POSTVENTA CORREGIDA | J9: POSTVENTA CORREGIDA | K9: POSTVENTA CORREGIDA | L9: POSTVENTA CORREGIDA | M9: POSTVENTA CORREGIDA | N9: POSTVENTA CORREGIDA | O9: POSTVENTA CORREGIDA | P9: POSTVENTA CORREGIDA | Q9: POSTVENTA CORREGIDA | R9: POSTVENTA CORREGIDA | S9: POSTVENTA CORREGIDA | T9: POSTVENTA CORREGIDA | U9: POSTVENTA CORREGIDA | V9: POSTVENTA CORREGIDA | W9: POSTVENTA CORREGIDA | X9: POSTVENTA CORREGIDA | Y9: POSTVENTA CORREGIDA | Z9: POSTVENTA CORREGIDA | AA9: POSTVENTA CORREGIDA | AB9: POSTVENTA CORREGIDA | AC9: POSTVENTA CORREGIDA | AD9: POSTVENTA CORREGIDA | AE9: POSTVENTA CORREGIDA | AF9: POSTVENTA CORREGIDA | AG9: POSTVENTA CORREGIDA | AH9: POSTVENTA CORREGIDA | AI9: POSTVENTA CORREGIDA | AJ9: POSTVENTA CORREGIDA | AK9: POSTVENTA CORREGIDA | AL9: POSTVENTA CORREGIDA | AM9: POSTVENTA CORREGIDA | AN9: POSTVENTA CORREGIDA
B10: =B9+1 -> 5 | C10: Luces | D10: REDES ELECTRICAS | E10: TIENE POSTVENTA | F10: POSTVENTA CORREGIDA | G10: POSTVENTA CORREGIDA | H10: TIENE POSTVENTA | I10: POSTVENTA CORREGIDA | J10: POSTVENTA CORREGIDA | K10: POSTVENTA CORREGIDA | L10: POSTVENTA CORREGIDA | M10: POSTVENTA CORREGIDA | N10: POSTVENTA CORREGIDA | O10: POSTVENTA CORREGIDA | P10: POSTVENTA CORREGIDA | Q10: POSTVENTA CORREGIDA | R10: POSTVENTA CORREGIDA | S10: POSTVENTA CORREGIDA | T10: POSTVENTA CORREGIDA | U10: POSTVENTA CORREGIDA | V10: POSTVENTA CORREGIDA | W10: POSTVENTA CORREGIDA | X10: POSTVENTA CORREGIDA | Y10: POSTVENTA CORREGIDA | Z10: POSTVENTA CORREGIDA | AA10: POSTVENTA CORREGIDA | AB10: POSTVENTA CORREGIDA | AC10: POSTVENTA CORREGIDA | AD10: POSTVENTA CORREGIDA | AE10: POSTVENTA CORREGIDA | AF10: POSTVENTA CORREGIDA | AG10: POSTVENTA CORREGIDA | AH10: POSTVENTA CORREGIDA | AI10: POSTVENTA CORREGIDA | AJ10: POSTVENTA CORREGIDA | AK10: POSTVENTA CORREGIDA | AL10: POSTVENTA CORREGIDA | AM10: POSTVENTA CORREGIDA | AN10: POSTVENTA CORREGIDA
B11: =B10+1 -> 6 | C11: Tomas | D11: REDES ELECTRICAS | E11: TIENE POSTVENTA | F11: POSTVENTA CORREGIDA | G11: POSTVENTA CORREGIDA | H11: TIENE POSTVENTA | I11: POSTVENTA CORREGIDA | J11: POSTVENTA CORREGIDA | K11: POSTVENTA CORREGIDA | L11: POSTVENTA CORREGIDA | M11: POSTVENTA CORREGIDA | N11: POSTVENTA CORREGIDA | O11: POSTVENTA CORREGIDA | P11: POSTVENTA CORREGIDA | Q11: POSTVENTA CORREGIDA | R11: POSTVENTA CORREGIDA | S11: POSTVENTA CORREGIDA | T11: POSTVENTA CORREGIDA | U11: POSTVENTA CORREGIDA | V11: POSTVENTA CORREGIDA | W11: POSTVENTA CORREGIDA | X11: POSTVENTA CORREGIDA | Y11: POSTVENTA CORREGIDA | Z11: POSTVENTA CORREGIDA | AA11: POSTVENTA CORREGIDA | AB11: POSTVENTA CORREGIDA | AC11: POSTVENTA CORREGIDA | AD11: POSTVENTA CORREGIDA | AE11: POSTVENTA CORREGIDA | AF11: POSTVENTA CORREGIDA | AG11: POSTVENTA CORREGIDA | AH11: POSTVENTA CORREGIDA | AI11: POSTVENTA CORREGIDA | AJ11: POSTVENTA CORREGIDA | AK11: POSTVENTA CORREGIDA | AL11: POSTVENTA CORREGIDA | AM11: POSTVENTA CORREGIDA | AN11: POSTVENTA CORREGIDA
B12: =B11+1 -> 7 | C12: Switches | D12: REDES ELECTRICAS | E12: TIENE POSTVENTA | F12: POSTVENTA CORREGIDA | G12: POSTVENTA CORREGIDA | H12: TIENE POSTVENTA | I12: POSTVENTA CORREGIDA | J12: POSTVENTA CORREGIDA | K12: POSTVENTA CORREGIDA | L12: POSTVENTA CORREGIDA | M12: POSTVENTA CORREGIDA | N12: POSTVENTA CORREGIDA | O12: POSTVENTA CORREGIDA | P12: POSTVENTA CORREGIDA | Q12: POSTVENTA CORREGIDA | R12: POSTVENTA CORREGIDA | S12: POSTVENTA CORREGIDA | T12: POSTVENTA CORREGIDA | U12: POSTVENTA CORREGIDA | V12: POSTVENTA CORREGIDA | W12: POSTVENTA CORREGIDA | X12: POSTVENTA CORREGIDA | Y12: POSTVENTA CORREGIDA | Z12: POSTVENTA CORREGIDA | AA12: POSTVENTA CORREGIDA | AB12: POSTVENTA CORREGIDA | AC12: POSTVENTA CORREGIDA | AD12: POSTVENTA CORREGIDA | AE12: POSTVENTA CORREGIDA | AF12: POSTVENTA CORREGIDA | AG12: POSTVENTA CORREGIDA | AH12: POSTVENTA CORREGIDA | AI12: POSTVENTA CORREGIDA | AJ12: POSTVENTA CORREGIDA | AK12: POSTVENTA CORREGIDA | AL12: POSTVENTA CORREGIDA | AM12: POSTVENTA CORREGIDA | AN12: POSTVENTA CORREGIDA
B13: =B12+1 -> 8 | C13: Cableado de Citofono | D13: REDES ELECTRICAS | E13: TIENE POSTVENTA | F13: POSTVENTA CORREGIDA | G13: POSTVENTA CORREGIDA | H13: TIENE POSTVENTA | I13: POSTVENTA CORREGIDA | J13: POSTVENTA CORREGIDA | K13: POSTVENTA CORREGIDA | L13: POSTVENTA CORREGIDA | M13: POSTVENTA CORREGIDA | N13: POSTVENTA CORREGIDA | O13: POSTVENTA CORREGIDA | P13: POSTVENTA CORREGIDA | Q13: POSTVENTA CORREGIDA | R13: POSTVENTA CORREGIDA | S13: POSTVENTA CORREGIDA | T13: POSTVENTA CORREGIDA | U13: POSTVENTA CORREGIDA | V13: POSTVENTA CORREGIDA | W13: POSTVENTA CORREGIDA | X13: POSTVENTA CORREGIDA | Y13: POSTVENTA CORREGIDA | Z13: POSTVENTA CORREGIDA | AA13: POSTVENTA CORREGIDA | AB13: POSTVENTA CORREGIDA | AC13: POSTVENTA CORREGIDA | AD13: POSTVENTA CORREGIDA | AE13: POSTVENTA CORREGIDA | AF13: POSTVENTA CORREGIDA | AG13: POSTVENTA CORREGIDA | AH13: POSTVENTA CORREGIDA | AI13: POSTVENTA CORREGIDA | AJ13: POSTVENTA CORREGIDA | AK13: POSTVENTA CORREGIDA | AL13: POSTVENTA CORREGIDA | AM13: POSTVENTA CORREGIDA | AN13: POSTVENTA CORREGIDA
B14: =B13+1 -> 9 | C14: Punto de Voz y datos/tv | D14: REDES ELECTRICAS | E14: TIENE POSTVENTA | F14: POSTVENTA CORREGIDA | G14: POSTVENTA CORREGIDA | H14: TIENE POSTVENTA | I14: POSTVENTA CORREGIDA | J14: POSTVENTA CORREGIDA | K14: POSTVENTA CORREGIDA | L14: POSTVENTA CORREGIDA | M14: POSTVENTA CORREGIDA | N14: POSTVENTA CORREGIDA | O14: POSTVENTA CORREGIDA | P14: POSTVENTA CORREGIDA | Q14: POSTVENTA CORREGIDA | R14: POSTVENTA CORREGIDA | S14: POSTVENTA CORREGIDA | T14: POSTVENTA CORREGIDA | U14: POSTVENTA CORREGIDA | V14: POSTVENTA CORREGIDA | W14: POSTVENTA CORREGIDA | X14: POSTVENTA CORREGIDA | Y14: POSTVENTA CORREGIDA | Z14: POSTVENTA CORREGIDA | AA14: POSTVENTA CORREGIDA | AB14: POSTVENTA CORREGIDA | AC14: POSTVENTA CORREGIDA | AD14: POSTVENTA CORREGIDA | AE14: POSTVENTA CORREGIDA | AF14: POSTVENTA CORREGIDA | AG14: POSTVENTA CORREGIDA | AH14: POSTVENTA CORREGIDA | AI14: POSTVENTA CORREGIDA | AJ14: POSTVENTA CORREGIDA | AK14: POSTVENTA CORREGIDA | AL14: POSTVENTA CORREGIDA | AM14: POSTVENTA CORREGIDA | AN14: POSTVENTA CORREGIDA
B15: 10 | C15: Tablero Electrico | D15: REDES ELECTRICAS | E15: TIENE POSTVENTA | F15: POSTVENTA CORREGIDA | G15: POSTVENTA CORREGIDA | H15: TIENE POSTVENTA | I15: POSTVENTA CORREGIDA | J15: POSTVENTA CORREGIDA | K15: POSTVENTA CORREGIDA | L15: POSTVENTA CORREGIDA | M15: POSTVENTA CORREGIDA | N15: POSTVENTA CORREGIDA | O15: POSTVENTA CORREGIDA | P15: POSTVENTA CORREGIDA | Q15: POSTVENTA CORREGIDA | R15: POSTVENTA CORREGIDA | S15: POSTVENTA CORREGIDA | T15: POSTVENTA CORREGIDA | U15: POSTVENTA CORREGIDA | V15: POSTVENTA CORREGIDA | W15: POSTVENTA CORREGIDA | X15: POSTVENTA CORREGIDA | Y15: POSTVENTA CORREGIDA | Z15: POSTVENTA CORREGIDA | AA15: POSTVENTA CORREGIDA | AB15: POSTVENTA CORREGIDA | AC15: POSTVENTA CORREGIDA | AD15: POSTVENTA CORREGIDA | AE15: POSTVENTA CORREGIDA | AF15: POSTVENTA CORREGIDA | AG15: POSTVENTA CORREGIDA | AH15: TIENE POSTVENTA | AI15: POSTVENTA CORREGIDA | AJ15: POSTVENTA CORREGIDA | AK15: POSTVENTA CORREGIDA | AL15: POSTVENTA CORREGIDA | AM15: POSTVENTA CORREGIDA | AN15: POSTVENTA CORREGIDA
B16: 11 | C16: Cuñas | D16: REDES ELECTRICAS | E16: TIENE POSTVENTA | F16: POSTVENTA CORREGIDA | G16: POSTVENTA CORREGIDA | H16: TIENE POSTVENTA | I16: POSTVENTA CORREGIDA | J16: POSTVENTA CORREGIDA | K16: POSTVENTA CORREGIDA | L16: POSTVENTA CORREGIDA | M16: POSTVENTA CORREGIDA | N16: POSTVENTA CORREGIDA | O16: POSTVENTA CORREGIDA | P16: POSTVENTA CORREGIDA | Q16: POSTVENTA CORREGIDA | R16: POSTVENTA CORREGIDA | S16: POSTVENTA CORREGIDA | T16: POSTVENTA CORREGIDA | U16: POSTVENTA CORREGIDA | V16: POSTVENTA CORREGIDA | W16: POSTVENTA CORREGIDA | X16: POSTVENTA CORREGIDA | Y16: POSTVENTA CORREGIDA | Z16: POSTVENTA CORREGIDA | AA16: POSTVENTA CORREGIDA | AB16: POSTVENTA CORREGIDA | AC16: POSTVENTA CORREGIDA | AD16: POSTVENTA CORREGIDA | AE16: POSTVENTA CORREGIDA | AF16: POSTVENTA CORREGIDA | AG16: POSTVENTA CORREGIDA | AH16: POSTVENTA CORREGIDA | AI16: POSTVENTA CORREGIDA | AJ16: POSTVENTA CORREGIDA | AK16: POSTVENTA CORREGIDA | AL16: POSTVENTA CORREGIDA | AM16: POSTVENTA CORREGIDA | AN16: POSTVENTA CORREGIDA
B17: 12 | C17: Puertaventana Corrediza | D17: CARPINTERIA METALICA | E17: TIENE POSTVENTA | F17: POSTVENTA CORREGIDA | G17: POSTVENTA CORREGIDA | H17: TIENE POSTVENTA | I17: POSTVENTA CORREGIDA | J17: POSTVENTA CORREGIDA | K17: POSTVENTA CORREGIDA | L17: POSTVENTA CORREGIDA | M17: POSTVENTA CORREGIDA | N17: POSTVENTA CORREGIDA | O17: POSTVENTA CORREGIDA | P17: POSTVENTA CORREGIDA | Q17: POSTVENTA CORREGIDA | R17: POSTVENTA CORREGIDA | S17: POSTVENTA CORREGIDA | T17: POSTVENTA CORREGIDA | U17: POSTVENTA CORREGIDA | V17: POSTVENTA CORREGIDA | W17: POSTVENTA CORREGIDA | X17: POSTVENTA CORREGIDA | Y17: POSTVENTA CORREGIDA | Z17: POSTVENTA CORREGIDA | AA17: POSTVENTA CORREGIDA | AB17: TIENE POSTVENTA | AC17: POSTVENTA CORREGIDA | AD17: POSTVENTA CORREGIDA | AE17: POSTVENTA CORREGIDA | AF17: POSTVENTA CORREGIDA | AG17: POSTVENTA CORREGIDA | AH17: POSTVENTA CORREGIDA | AI17: POSTVENTA CORREGIDA | AJ17: POSTVENTA CORREGIDA | AK17: POSTVENTA CORREGIDA | AL17: POSTVENTA CORREGIDA | AM17: POSTVENTA CORREGIDA | AN17: POSTVENTA CORREGIDA
B18: =B17+1 -> 13 | C18: Ventanas fijas | D18: CARPINTERIA METALICA | E18: TIENE POSTVENTA | F18: POSTVENTA CORREGIDA | G18: POSTVENTA CORREGIDA | H18: TIENE POSTVENTA | I18: POSTVENTA CORREGIDA | J18: POSTVENTA CORREGIDA | K18: POSTVENTA CORREGIDA | L18: POSTVENTA CORREGIDA | M18: POSTVENTA CORREGIDA | N18: POSTVENTA CORREGIDA | O18: POSTVENTA CORREGIDA | P18: POSTVENTA CORREGIDA | Q18: POSTVENTA CORREGIDA | R18: TIENE POSTVENTA | S18: POSTVENTA CORREGIDA | T18: POSTVENTA CORREGIDA | U18: POSTVENTA CORREGIDA | V18: POSTVENTA CORREGIDA | W18: POSTVENTA CORREGIDA | X18: POSTVENTA CORREGIDA | Y18: POSTVENTA CORREGIDA | Z18: POSTVENTA CORREGIDA | AA18: POSTVENTA CORREGIDA | AB18: POSTVENTA CORREGIDA | AC18: POSTVENTA CORREGIDA | AD18: POSTVENTA CORREGIDA | AE18: POSTVENTA CORREGIDA | AF18: POSTVENTA CORREGIDA | AG18: POSTVENTA CORREGIDA | AH18: POSTVENTA CORREGIDA | AI18: POSTVENTA CORREGIDA | AJ18: POSTVENTA CORREGIDA | AK18: POSTVENTA CORREGIDA | AL18: POSTVENTA CORREGIDA | AM18: POSTVENTA CORREGIDA | AN18: POSTVENTA CORREGIDA
B19: =B18+1 -> 14 | C19: Redes Aire Acondicionado | D19: REDES A.A. | E19: TIENE POSTVENTA | F19: POSTVENTA CORREGIDA | G19: POSTVENTA CORREGIDA | H19: TIENE POSTVENTA | I19: POSTVENTA CORREGIDA | J19: POSTVENTA CORREGIDA | K19: POSTVENTA CORREGIDA | L19: POSTVENTA CORREGIDA | M19: POSTVENTA CORREGIDA | N19: POSTVENTA CORREGIDA | O19: POSTVENTA CORREGIDA | P19: POSTVENTA CORREGIDA | Q19: POSTVENTA CORREGIDA | R19: POSTVENTA CORREGIDA | S19: POSTVENTA CORREGIDA | T19: POSTVENTA CORREGIDA | U19: POSTVENTA CORREGIDA | V19: POSTVENTA CORREGIDA | W19: POSTVENTA CORREGIDA | X19: POSTVENTA CORREGIDA | Y19: POSTVENTA CORREGIDA | Z19: POSTVENTA CORREGIDA | AA19: POSTVENTA CORREGIDA | AB19: POSTVENTA CORREGIDA | AC19: POSTVENTA CORREGIDA | AD19: POSTVENTA CORREGIDA | AE19: POSTVENTA CORREGIDA | AF19: POSTVENTA CORREGIDA | AG19: POSTVENTA CORREGIDA | AH19: POSTVENTA CORREGIDA | AI19: POSTVENTA CORREGIDA | AJ19: POSTVENTA CORREGIDA | AK19: POSTVENTA CORREGIDA | AL19: POSTVENTA CORREGIDA | AM19: POSTVENTA CORREGIDA | AN19: POSTVENTA CORREGIDA
B20: 15 | C20: Drenaje AA | D20: REDES HS | E20: TIENE POSTVENTA | F20: POSTVENTA CORREGIDA | G20: POSTVENTA CORREGIDA | H20: TIENE POSTVENTA | I20: POSTVENTA CORREGIDA | J20: POSTVENTA CORREGIDA | K20: POSTVENTA CORREGIDA | L20: POSTVENTA CORREGIDA | M20: POSTVENTA CORREGIDA | N20: POSTVENTA CORREGIDA | O20: POSTVENTA CORREGIDA | P20: POSTVENTA CORREGIDA | Q20: POSTVENTA CORREGIDA | R20: POSTVENTA CORREGIDA | S20: POSTVENTA CORREGIDA | T20: POSTVENTA CORREGIDA | U20: POSTVENTA CORREGIDA | V20: POSTVENTA CORREGIDA | W20: POSTVENTA CORREGIDA | X20: POSTVENTA CORREGIDA | Y20: POSTVENTA CORREGIDA | Z20: POSTVENTA CORREGIDA | AA20: POSTVENTA CORREGIDA | AB20: POSTVENTA CORREGIDA | AC20: POSTVENTA CORREGIDA | AD20: POSTVENTA CORREGIDA | AE20: POSTVENTA CORREGIDA | AF20: POSTVENTA CORREGIDA | AG20: POSTVENTA CORREGIDA | AH20: POSTVENTA CORREGIDA | AI20: POSTVENTA CORREGIDA | AJ20: POSTVENTA CORREGIDA | AK20: POSTVENTA CORREGIDA | AL20: POSTVENTA CORREGIDA | AM20: POSTVENTA CORREGIDA | AN20: POSTVENTA CORREGIDA
B21: 17 | C21: Piso | D21: PISOS Y ENCHAPES | E21: TIENE POSTVENTA | F21: POSTVENTA CORREGIDA | G21: POSTVENTA CORREGIDA | H21: TIENE POSTVENTA | I21: POSTVENTA CORREGIDA | J21: POSTVENTA CORREGIDA | K21: POSTVENTA CORREGIDA | L21: TIENE POSTVENTA | M21: POSTVENTA CORREGIDA | N21: POSTVENTA CORREGIDA | O21: TIENE POSTVENTA | P21: POSTVENTA CORREGIDA | Q21: TIENE POSTVENTA | R21: POSTVENTA CORREGIDA | S21: POSTVENTA CORREGIDA | T21: POSTVENTA CORREGIDA | U21: POSTVENTA CORREGIDA | V21: POSTVENTA CORREGIDA | W21: TIENE POSTVENTA | X21: POSTVENTA CORREGIDA | Y21: POSTVENTA CORREGIDA | Z21: POSTVENTA CORREGIDA | AA21: POSTVENTA CORREGIDA | AB21: TIENE POSTVENTA | AC21: POSTVENTA CORREGIDA | AD21: POSTVENTA CORREGIDA | AE21: TIENE POSTVENTA | AF21: POSTVENTA CORREGIDA | AG21: POSTVENTA CORREGIDA | AH21: TIENE POSTVENTA | AI21: POSTVENTA CORREGIDA | AJ21: TIENE POSTVENTA | AK21: POSTVENTA CORREGIDA | AL21: POSTVENTA CORREGIDA | AM21: POSTVENTA CORREGIDA | AN21: TIENE POSTVENTA
B22: 18 | C22: Guardaescobas | D22: PISOS Y ENCHAPES | E22: TIENE POSTVENTA | F22: POSTVENTA CORREGIDA | G22: POSTVENTA CORREGIDA | H22: TIENE POSTVENTA | I22: POSTVENTA CORREGIDA | J22: POSTVENTA CORREGIDA | K22: POSTVENTA CORREGIDA | L22: POSTVENTA CORREGIDA | M22: POSTVENTA CORREGIDA | N22: POSTVENTA CORREGIDA | O22: POSTVENTA CORREGIDA | P22: POSTVENTA CORREGIDA | Q22: POSTVENTA CORREGIDA | R22: POSTVENTA CORREGIDA | S22: POSTVENTA CORREGIDA | T22: POSTVENTA CORREGIDA | U22: POSTVENTA CORREGIDA | V22: POSTVENTA CORREGIDA | W22: POSTVENTA CORREGIDA | X22: POSTVENTA CORREGIDA | Y22: POSTVENTA CORREGIDA | Z22: POSTVENTA CORREGIDA | AA22: POSTVENTA CORREGIDA | AB22: POSTVENTA CORREGIDA | AC22: POSTVENTA CORREGIDA | AD22: POSTVENTA CORREGIDA | AE22: POSTVENTA CORREGIDA | AF22: POSTVENTA CORREGIDA | AG22: POSTVENTA CORREGIDA | AH22: TIENE POSTVENTA | AI22: POSTVENTA CORREGIDA | AJ22: POSTVENTA CORREGIDA | AK22: POSTVENTA CORREGIDA | AL22: POSTVENTA CORREGIDA | AM22: POSTVENTA CORREGIDA | AN22: POSTVENTA CORREGIDA
B23: 19 | C23: Cielorasos | D23: CIELO RASO | E23: TIENE POSTVENTA | F23: POSTVENTA CORREGIDA | G23: POSTVENTA CORREGIDA | H23: TIENE POSTVENTA | I23: POSTVENTA CORREGIDA | J23: POSTVENTA CORREGIDA | K23: POSTVENTA CORREGIDA | L23: POSTVENTA CORREGIDA | M23: POSTVENTA CORREGIDA | N23: POSTVENTA CORREGIDA | O23: POSTVENTA CORREGIDA | P23: POSTVENTA CORREGIDA | Q23: TIENE POSTVENTA | R23: POSTVENTA CORREGIDA | S23: POSTVENTA CORREGIDA | T23: POSTVENTA CORREGIDA | U23: POSTVENTA CORREGIDA | V23: TIENE POSTVENTA | W23: POSTVENTA CORREGIDA | X23: POSTVENTA CORREGIDA | Y23: TIENE POSTVENTA | Z23: POSTVENTA CORREGIDA | AA23: POSTVENTA CORREGIDA | AB23: POSTVENTA CORREGIDA | AC23: POSTVENTA CORREGIDA | AD23: POSTVENTA CORREGIDA | AE23: POSTVENTA CORREGIDA | AF23: POSTVENTA CORREGIDA | AG23: POSTVENTA CORREGIDA | AH23: TIENE POSTVENTA | AI23: POSTVENTA CORREGIDA | AJ23: POSTVENTA CORREGIDA | AK23: POSTVENTA CORREGIDA | AL23: POSTVENTA CORREGIDA | AM23: POSTVENTA CORREGIDA | AN23: POSTVENTA CORREGIDA
B24: 21 | C24: Muros | D24: ESTUCOS Y PINTURA | E24: TIENE POSTVENTA | F24: POSTVENTA CORREGIDA | G24: POSTVENTA CORREGIDA | H24: TIENE POSTVENTA | I24: POSTVENTA CORREGIDA | J24: POSTVENTA CORREGIDA | K24: POSTVENTA CORREGIDA | L24: TIENE POSTVENTA | M24: POSTVENTA CORREGIDA | N24: POSTVENTA CORREGIDA | O24: POSTVENTA CORREGIDA | P24: POSTVENTA CORREGIDA | Q24: TIENE POSTVENTA | R24: POSTVENTA CORREGIDA | S24: POSTVENTA CORREGIDA | T24: TIENE POSTVENTA | U24: TIENE POSTVENTA | V24: TIENE POSTVENTA | W24: TIENE POSTVENTA | X24: TIENE POSTVENTA | Y24: TIENE POSTVENTA | Z24: POSTVENTA CORREGIDA | AA24: POSTVENTA CORREGIDA | AB24: POSTVENTA CORREGIDA | AC24: POSTVENTA CORREGIDA | AD24: POSTVENTA CORREGIDA | AE24: POSTVENTA CORREGIDA | AF24: TIENE POSTVENTA | AG24: POSTVENTA CORREGIDA | AH24: POSTVENTA CORREGIDA | AI24: TIENE POSTVENTA | AJ24: POSTVENTA CORREGIDA | AK24: TIENE POSTVENTA | AL24: POSTVENTA CORREGIDA | AM24: POSTVENTA CORREGIDA | AN24: POSTVENTA CORREGIDA
A25: COCINA | B25: =+B24+1 -> 22 | C25: Luces | D25: REDES ELECTRICAS | E25: TIENE POSTVENTA | F25: POSTVENTA CORREGIDA | G25: POSTVENTA CORREGIDA | H25: TIENE POSTVENTA | I25: POSTVENTA CORREGIDA | J25: POSTVENTA CORREGIDA | K25: POSTVENTA CORREGIDA | L25: POSTVENTA CORREGIDA | M25: POSTVENTA CORREGIDA | N25: POSTVENTA CORREGIDA | O25: POSTVENTA CORREGIDA | P25: POSTVENTA CORREGIDA | Q25: POSTVENTA CORREGIDA | R25: POSTVENTA CORREGIDA | S25: POSTVENTA CORREGIDA | T25: POSTVENTA CORREGIDA | U25: POSTVENTA CORREGIDA | V25: POSTVENTA CORREGIDA | W25: POSTVENTA CORREGIDA | X25: POSTVENTA CORREGIDA | Y25: POSTVENTA CORREGIDA | Z25: POSTVENTA CORREGIDA | AA25: POSTVENTA CORREGIDA | AB25: POSTVENTA CORREGIDA | AC25: POSTVENTA CORREGIDA | AD25: POSTVENTA CORREGIDA | AE25: POSTVENTA CORREGIDA | AF25: POSTVENTA CORREGIDA | AG25: POSTVENTA CORREGIDA | AH25: POSTVENTA CORREGIDA | AI25: POSTVENTA CORREGIDA | AJ25: POSTVENTA CORREGIDA | AK25: POSTVENTA CORREGIDA | AL25: POSTVENTA CORREGIDA | AM25: POSTVENTA CORREGIDA | AN25: POSTVENTA CORREGIDA
B26: =+B25+1 -> 23 | C26: Switches | D26: REDES ELECTRICAS | E26: TIENE POSTVENTA | F26: POSTVENTA CORREGIDA | G26: POSTVENTA CORREGIDA | H26: TIENE POSTVENTA | I26: POSTVENTA CORREGIDA | J26: POSTVENTA CORREGIDA | K26: POSTVENTA CORREGIDA | L26: POSTVENTA CORREGIDA | M26: POSTVENTA CORREGIDA | N26: POSTVENTA CORREGIDA | O26: POSTVENTA CORREGIDA | P26: POSTVENTA CORREGIDA | Q26: POSTVENTA CORREGIDA | R26: POSTVENTA CORREGIDA | S26: POSTVENTA CORREGIDA | T26: POSTVENTA CORREGIDA | U26: POSTVENTA CORREGIDA | V26: POSTVENTA CORREGIDA | W26: POSTVENTA CORREGIDA | X26: POSTVENTA CORREGIDA | Y26: POSTVENTA CORREGIDA | Z26: POSTVENTA CORREGIDA | AA26: POSTVENTA CORREGIDA | AB26: POSTVENTA CORREGIDA | AC26: POSTVENTA CORREGIDA | AD26: POSTVENTA CORREGIDA | AE26: POSTVENTA CORREGIDA | AF26: POSTVENTA CORREGIDA | AG26: POSTVENTA CORREGIDA | AH26: POSTVENTA CORREGIDA | AI26: POSTVENTA CORREGIDA | AJ26: POSTVENTA CORREGIDA | AK26: POSTVENTA CORREGIDA | AL26: POSTVENTA CORREGIDA | AM26: POSTVENTA CORREGIDA | AN26: POSTVENTA CORREGIDA
B27: =+B26+1 -> 24 | C27: Extractor | D27: REDES ELECTRICAS | E27: TIENE POSTVENTA | F27: POSTVENTA CORREGIDA | G27: POSTVENTA CORREGIDA | H27: TIENE POSTVENTA | I27: POSTVENTA CORREGIDA | J27: POSTVENTA CORREGIDA | K27: POSTVENTA CORREGIDA | L27: POSTVENTA CORREGIDA | M27: POSTVENTA CORREGIDA | N27: POSTVENTA CORREGIDA | O27: POSTVENTA CORREGIDA | P27: POSTVENTA CORREGIDA | Q27: POSTVENTA CORREGIDA | R27: POSTVENTA CORREGIDA | S27: POSTVENTA CORREGIDA | T27: POSTVENTA CORREGIDA | U27: POSTVENTA CORREGIDA | V27: POSTVENTA CORREGIDA | W27: POSTVENTA CORREGIDA | X27: POSTVENTA CORREGIDA | Y27: POSTVENTA CORREGIDA | Z27: POSTVENTA CORREGIDA | AA27: POSTVENTA CORREGIDA | AB27: POSTVENTA CORREGIDA | AC27: POSTVENTA CORREGIDA | AD27: POSTVENTA CORREGIDA | AE27: POSTVENTA CORREGIDA | AF27: POSTVENTA CORREGIDA | AG27: POSTVENTA CORREGIDA | AH27: POSTVENTA CORREGIDA | AI27: POSTVENTA CORREGIDA | AJ27: POSTVENTA CORREGIDA | AK27: POSTVENTA CORREGIDA | AL27: POSTVENTA CORREGIDA | AM27: POSTVENTA CORREGIDA | AN27: POSTVENTA CORREGIDA
B28: =+B27+1 -> 25 | C28: Griferias | D28: APARATOS Y MESONES | E28: TIENE POSTVENTA | F28: POSTVENTA CORREGIDA | G28: POSTVENTA CORREGIDA | H28: TIENE POSTVENTA | I28: POSTVENTA CORREGIDA | J28: POSTVENTA CORREGIDA | K28: POSTVENTA CORREGIDA | L28: POSTVENTA CORREGIDA | M28: POSTVENTA CORREGIDA | N28: POSTVENTA CORREGIDA | O28: POSTVENTA CORREGIDA | P28: POSTVENTA CORREGIDA | Q28: POSTVENTA CORREGIDA | R28: POSTVENTA CORREGIDA | S28: POSTVENTA CORREGIDA | T28: POSTVENTA CORREGIDA | U28: POSTVENTA CORREGIDA | V28: POSTVENTA CORREGIDA | W28: POSTVENTA CORREGIDA | X28: POSTVENTA CORREGIDA | Y28: POSTVENTA CORREGIDA | Z28: POSTVENTA CORREGIDA | AA28: POSTVENTA CORREGIDA | AB28: POSTVENTA CORREGIDA | AC28: POSTVENTA CORREGIDA | AD28: POSTVENTA CORREGIDA | AE28: POSTVENTA CORREGIDA | AF28: POSTVENTA CORREGIDA | AG28: POSTVENTA CORREGIDA | AH28: POSTVENTA CORREGIDA | AI28: POSTVENTA CORREGIDA | AJ28: POSTVENTA CORREGIDA | AK28: POSTVENTA CORREGIDA | AL28: POSTVENTA CORREGIDA | AM28: TIENE POSTVENTA | AN28: POSTVENTA CORREGIDA
B29: =+B28+1 -> 26 | C29: Lavaplatos | D29: APARATOS Y MESONES | E29: TIENE POSTVENTA | F29: POSTVENTA CORREGIDA | G29: POSTVENTA CORREGIDA | H29: TIENE POSTVENTA | I29: POSTVENTA CORREGIDA | J29: POSTVENTA CORREGIDA | K29: POSTVENTA CORREGIDA | L29: POSTVENTA CORREGIDA | M29: POSTVENTA CORREGIDA | N29: POSTVENTA CORREGIDA | O29: POSTVENTA CORREGIDA | P29: POSTVENTA CORREGIDA | Q29: POSTVENTA CORREGIDA | R29: POSTVENTA CORREGIDA | S29: POSTVENTA CORREGIDA | T29: POSTVENTA CORREGIDA | U29: POSTVENTA CORREGIDA | V29: POSTVENTA CORREGIDA | W29: POSTVENTA CORREGIDA | X29: POSTVENTA CORREGIDA | Y29: POSTVENTA CORREGIDA | Z29: POSTVENTA CORREGIDA | AA29: POSTVENTA CORREGIDA | AB29: POSTVENTA CORREGIDA | AC29: POSTVENTA CORREGIDA | AD29: POSTVENTA CORREGIDA | AE29: POSTVENTA CORREGIDA | AF29: POSTVENTA CORREGIDA | AG29: POSTVENTA CORREGIDA | AH29: TIENE POSTVENTA | AI29: POSTVENTA CORREGIDA | AJ29: POSTVENTA CORREGIDA | AK29: POSTVENTA CORREGIDA | AL29: POSTVENTA CORREGIDA | AM29: POSTVENTA CORREGIDA | AN29: TIENE POSTVENTA
B30: =+B29+1 -> 27 | C30: mesón | D30: APARATOS Y MESONES | E30: TIENE POSTVENTA | F30: POSTVENTA CORREGIDA | G30: POSTVENTA CORREGIDA | H30: TIENE POSTVENTA | I30: POSTVENTA CORREGIDA | J30: POSTVENTA CORREGIDA | K30: POSTVENTA CORREGIDA | L30: POSTVENTA CORREGIDA | M30: POSTVENTA CORREGIDA | N30: POSTVENTA CORREGIDA | O30: POSTVENTA CORREGIDA | P30: POSTVENTA CORREGIDA | Q30: POSTVENTA CORREGIDA | R30: POSTVENTA CORREGIDA | S30: POSTVENTA CORREGIDA | T30: POSTVENTA CORREGIDA | U30: POSTVENTA CORREGIDA | V30: POSTVENTA CORREGIDA | W30: POSTVENTA CORREGIDA | X30: POSTVENTA CORREGIDA | Y30: POSTVENTA CORREGIDA | Z30: POSTVENTA CORREGIDA | AA30: POSTVENTA CORREGIDA | AB30: POSTVENTA CORREGIDA | AC30: POSTVENTA CORREGIDA | AD30: POSTVENTA CORREGIDA | AE30: POSTVENTA CORREGIDA | AF30: POSTVENTA CORREGIDA | AG30: POSTVENTA CORREGIDA | AH30: POSTVENTA CORREGIDA | AI30: POSTVENTA CORREGIDA | AJ30: POSTVENTA CORREGIDA | AK30: POSTVENTA CORREGIDA | AL30: POSTVENTA CORREGIDA | AM30: POSTVENTA CORREGIDA | AN30: POSTVENTA CORREGIDA
B31: =+B30+1 -> 28 | C31: salpicadero | D31: APARATOS Y MESONES | E31: TIENE POSTVENTA | F31: POSTVENTA CORREGIDA | G31: POSTVENTA CORREGIDA | H31: TIENE POSTVENTA | I31: POSTVENTA CORREGIDA | J31: POSTVENTA CORREGIDA | K31: POSTVENTA CORREGIDA | L31: POSTVENTA CORREGIDA | M31: POSTVENTA CORREGIDA | N31: POSTVENTA CORREGIDA | O31: POSTVENTA CORREGIDA | P31: POSTVENTA CORREGIDA | Q31: POSTVENTA CORREGIDA | R31: POSTVENTA CORREGIDA | S31: POSTVENTA CORREGIDA | T31: POSTVENTA CORREGIDA | U31: POSTVENTA CORREGIDA | V31: POSTVENTA CORREGIDA | W31: TIENE POSTVENTA | X31: POSTVENTA CORREGIDA | Y31: POSTVENTA CORREGIDA | Z31: POSTVENTA CORREGIDA | AA31: POSTVENTA CORREGIDA | AB31: POSTVENTA CORREGIDA | AC31: POSTVENTA CORREGIDA | AD31: POSTVENTA CORREGIDA | AE31: POSTVENTA CORREGIDA | AF31: POSTVENTA CORREGIDA | AG31: POSTVENTA CORREGIDA | AH31: POSTVENTA CORREGIDA | AI31: POSTVENTA CORREGIDA | AJ31: POSTVENTA CORREGIDA | AK31: POSTVENTA CORREGIDA | AL31: POSTVENTA CORREGIDA | AM31: POSTVENTA CORREGIDA | AN31: POSTVENTA CORREGIDA
B32: =+B31+1 -> 29 | C32: mueble inferior | D32: CARPINTERIA DE MADERA | E32: TIENE POSTVENTA | F32: POSTVENTA CORREGIDA | G32: POSTVENTA CORREGIDA | H32: TIENE POSTVENTA | I32: POSTVENTA CORREGIDA | J32: POSTVENTA CORREGIDA | K32: POSTVENTA CORREGIDA | L32: POSTVENTA CORREGIDA | M32: POSTVENTA CORREGIDA | N32: POSTVENTA CORREGIDA | O32: TIENE POSTVENTA | P32: POSTVENTA CORREGIDA | Q32: POSTVENTA CORREGIDA | R32: POSTVENTA CORREGIDA | S32: POSTVENTA CORREGIDA | T32: POSTVENTA CORREGIDA | U32: POSTVENTA CORREGIDA | V32: POSTVENTA CORREGIDA | W32: POSTVENTA CORREGIDA | X32: POSTVENTA CORREGIDA | Y32: POSTVENTA CORREGIDA | Z32: POSTVENTA CORREGIDA | AA32: POSTVENTA CORREGIDA | AB32: TIENE POSTVENTA | AC32: POSTVENTA CORREGIDA | AD32: POSTVENTA CORREGIDA | AE32: POSTVENTA CORREGIDA | AF32: POSTVENTA CORREGIDA | AG32: POSTVENTA CORREGIDA | AH32: TIENE POSTVENTA | AI32: POSTVENTA CORREGIDA | AJ32: TIENE POSTVENTA | AK32: POSTVENTA CORREGIDA | AL32: POSTVENTA CORREGIDA | AM32: POSTVENTA CORREGIDA | AN32: POSTVENTA CORREGIDA
B33: =+B32+1 -> 30 | C33: mueble superior | E33: TIENE POSTVENTA | F33: POSTVENTA CORREGIDA | G33: POSTVENTA CORREGIDA | H33: TIENE POSTVENTA | I33: POSTVENTA CORREGIDA | J33: POSTVENTA CORREGIDA | K33: POSTVENTA CORREGIDA | L33: POSTVENTA CORREGIDA | M33: POSTVENTA CORREGIDA | N33: POSTVENTA CORREGIDA | O33: TIENE POSTVENTA | P33: POSTVENTA CORREGIDA | Q33: TIENE POSTVENTA | R33: POSTVENTA CORREGIDA | S33: POSTVENTA CORREGIDA | T33: POSTVENTA CORREGIDA | U33: POSTVENTA CORREGIDA | V33: POSTVENTA CORREGIDA | W33: TIENE POSTVENTA | X33: POSTVENTA CORREGIDA | Y33: POSTVENTA CORREGIDA | Z33: POSTVENTA CORREGIDA | AA33: POSTVENTA CORREGIDA | AB33: POSTVENTA CORREGIDA | AC33: POSTVENTA CORREGIDA | AD33: POSTVENTA CORREGIDA | AE33: POSTVENTA CORREGIDA | AF33: POSTVENTA CORREGIDA | AG33: POSTVENTA CORREGIDA | AH33: POSTVENTA CORREGIDA | AI33: POSTVENTA CORREGIDA | AJ33: POSTVENTA CORREGIDA | AK33: POSTVENTA CORREGIDA | AL33: POSTVENTA CORREGIDA | AM33: POSTVENTA CORREGIDA | AN33: POSTVENTA CORREGIDA
B34: 38 | C34: Enchape | E34: TIENE POSTVENTA | F34: POSTVENTA CORREGIDA | G34: POSTVENTA CORREGIDA | H34: TIENE POSTVENTA | I34: POSTVENTA CORREGIDA | J34: POSTVENTA CORREGIDA | K34: POSTVENTA CORREGIDA | L34: POSTVENTA CORREGIDA | M34: POSTVENTA CORREGIDA | N34: POSTVENTA CORREGIDA | O34: POSTVENTA CORREGIDA | P34: POSTVENTA CORREGIDA | Q34: POSTVENTA CORREGIDA | R34: POSTVENTA CORREGIDA | S34: POSTVENTA CORREGIDA | T34: POSTVENTA CORREGIDA | U34: POSTVENTA CORREGIDA | V34: POSTVENTA CORREGIDA | W34: POSTVENTA CORREGIDA | X34: POSTVENTA CORREGIDA | Y34: POSTVENTA CORREGIDA | Z34: POSTVENTA CORREGIDA | AA34: POSTVENTA CORREGIDA | AB34: POSTVENTA CORREGIDA | AC34: POSTVENTA CORREGIDA | AD34: POSTVENTA CORREGIDA | AE34: POSTVENTA CORREGIDA | AF34: POSTVENTA CORREGIDA | AG34: POSTVENTA CORREGIDA | AH34: POSTVENTA CORREGIDA | AI34: POSTVENTA CORREGIDA | AJ34: POSTVENTA CORREGIDA | AK34: POSTVENTA CORREGIDA | AL34: POSTVENTA CORREGIDA | AM34: POSTVENTA CORREGIDA | AN34: POSTVENTA CORREGIDA
B35: 39 | C35: Estado de Muro | E35: TIENE POSTVENTA | F35: POSTVENTA CORREGIDA | G35: POSTVENTA CORREGIDA | H35: TIENE POSTVENTA | I35: POSTVENTA CORREGIDA | J35: POSTVENTA CORREGIDA | K35: POSTVENTA CORREGIDA | L35: POSTVENTA CORREGIDA | M35: POSTVENTA CORREGIDA | N35: POSTVENTA CORREGIDA | O35: POSTVENTA CORREGIDA | P35: POSTVENTA CORREGIDA | Q35: POSTVENTA CORREGIDA | R35: POSTVENTA CORREGIDA | S35: POSTVENTA CORREGIDA | T35: TIENE POSTVENTA | U35: TIENE POSTVENTA | V35: POSTVENTA CORREGIDA | W35: POSTVENTA CORREGIDA | X35: POSTVENTA CORREGIDA | Y35: POSTVENTA CORREGIDA | Z35: TIENE POSTVENTA | AA35: POSTVENTA CORREGIDA | AB35: POSTVENTA CORREGIDA | AC35: POSTVENTA CORREGIDA | AD35: POSTVENTA CORREGIDA | AE35: POSTVENTA CORREGIDA | AF35: TIENE POSTVENTA | AG35: POSTVENTA CORREGIDA | AH35: POSTVENTA CORREGIDA | AI35: POSTVENTA CORREGIDA | AJ35: POSTVENTA CORREGIDA | AK35: POSTVENTA CORREGIDA | AL35: POSTVENTA CORREGIDA | AM35: POSTVENTA CORREGIDA | AN35: POSTVENTA CORREGIDA
B36: 40 | C36: Piso | E36: TIENE POSTVENTA | F36: POSTVENTA CORREGIDA | G36: POSTVENTA CORREGIDA | H36: TIENE POSTVENTA | I36: POSTVENTA CORREGIDA | J36: POSTVENTA CORREGIDA | K36: POSTVENTA CORREGIDA | L36: POSTVENTA CORREGIDA | M36: POSTVENTA CORREGIDA | N36: POSTVENTA CORREGIDA | O36: POSTVENTA CORREGIDA | P36: POSTVENTA CORREGIDA | Q36: POSTVENTA CORREGIDA | R36: POSTVENTA CORREGIDA | S36: POSTVENTA CORREGIDA | T36: POSTVENTA CORREGIDA | U36: POSTVENTA CORREGIDA | V36: POSTVENTA CORREGIDA | W36: TIENE POSTVENTA | X36: POSTVENTA CORREGIDA | Y36: POSTVENTA CORREGIDA | Z36: POSTVENTA CORREGIDA | AA36: POSTVENTA CORREGIDA | AB36: POSTVENTA CORREGIDA | AC36: POSTVENTA CORREGIDA | AD36: POSTVENTA CORREGIDA | AE36: TIENE POSTVENTA | AF36: POSTVENTA CORREGIDA | AG36: POSTVENTA CORREGIDA | AH36: TIENE POSTVENTA | AI36: POSTVENTA CORREGIDA | AJ36: POSTVENTA CORREGIDA | AK36: POSTVENTA CORREGIDA | AL36: POSTVENTA CORREGIDA | AM36: POSTVENTA CORREGIDA | AN36: POSTVENTA CORREGIDA
B37: 41 | C37: Guardaescobas | E37: TIENE POSTVENTA | F37: POSTVENTA CORREGIDA | G37: POSTVENTA CORREGIDA | H37: TIENE POSTVENTA | I37: POSTVENTA CORREGIDA | J37: POSTVENTA CORREGIDA | K37: POSTVENTA CORREGIDA | L37: POSTVENTA CORREGIDA | M37: POSTVENTA CORREGIDA | N37: POSTVENTA CORREGIDA | O37: POSTVENTA CORREGIDA | P37: POSTVENTA CORREGIDA | Q37: POSTVENTA CORREGIDA | R37: POSTVENTA CORREGIDA | S37: POSTVENTA CORREGIDA | T37: POSTVENTA CORREGIDA | U37: POSTVENTA CORREGIDA | V37: POSTVENTA CORREGIDA | W37: POSTVENTA CORREGIDA | X37: POSTVENTA CORREGIDA | Y37: POSTVENTA CORREGIDA | Z37: POSTVENTA CORREGIDA | AA37: POSTVENTA CORREGIDA | AB37: POSTVENTA CORREGIDA | AC37: POSTVENTA CORREGIDA | AD37: POSTVENTA CORREGIDA | AE37: POSTVENTA CORREGIDA | AF37: POSTVENTA CORREGIDA | AG37: POSTVENTA CORREGIDA | AH37: POSTVENTA CORREGIDA | AI37: POSTVENTA CORREGIDA | AJ37: POSTVENTA CORREGIDA | AK37: POSTVENTA CORREGIDA | AL37: POSTVENTA CORREGIDA | AM37: POSTVENTA CORREGIDA | AN37: POSTVENTA CORREGIDA
B38: 42 | C38: Cielorasos | E38: TIENE POSTVENTA | F38: POSTVENTA CORREGIDA | G38: POSTVENTA CORREGIDA | H38: TIENE POSTVENTA | I38: POSTVENTA CORREGIDA | J38: POSTVENTA CORREGIDA | K38: POSTVENTA CORREGIDA | L38: POSTVENTA CORREGIDA | M38: POSTVENTA CORREGIDA | N38: POSTVENTA CORREGIDA | O38: POSTVENTA CORREGIDA | P38: POSTVENTA CORREGIDA | Q38: POSTVENTA CORREGIDA | R38: POSTVENTA CORREGIDA | S38: POSTVENTA CORREGIDA | T38: POSTVENTA CORREGIDA | U38: POSTVENTA CORREGIDA | V38: POSTVENTA CORREGIDA | W38: TIENE POSTVENTA | X38: POSTVENTA CORREGIDA | Y38: POSTVENTA CORREGIDA | Z38: POSTVENTA CORREGIDA | AA38: POSTVENTA CORREGIDA | AB38: POSTVENTA CORREGIDA | AC38: POSTVENTA CORREGIDA | AD38: TIENE POSTVENTA | AE38: POSTVENTA CORREGIDA | AF38: POSTVENTA CORREGIDA | AG38: POSTVENTA CORREGIDA | AH38: POSTVENTA CORREGIDA | AI38: POSTVENTA CORREGIDA | AJ38: POSTVENTA CORREGIDA | AK38: POSTVENTA CORREGIDA | AL38: POSTVENTA CORREGIDA | AM38: POSTVENTA CORREGIDA | AN38: POSTVENTA CORREGIDA
B39: 43 | C39: Tapavalvulas | E39: TIENE POSTVENTA | F39: POSTVENTA CORREGIDA | G39: POSTVENTA CORREGIDA | H39: TIENE POSTVENTA | I39: POSTVENTA CORREGIDA | J39: POSTVENTA CORREGIDA | K39: POSTVENTA CORREGIDA | L39: POSTVENTA CORREGIDA | M39: POSTVENTA CORREGIDA | N39: POSTVENTA CORREGIDA | O39: POSTVENTA CORREGIDA | P39: POSTVENTA CORREGIDA | Q39: POSTVENTA CORREGIDA | R39: POSTVENTA CORREGIDA | S39: POSTVENTA CORREGIDA | T39: POSTVENTA CORREGIDA | U39: POSTVENTA CORREGIDA | V39: POSTVENTA CORREGIDA | W39: POSTVENTA CORREGIDA | X39: POSTVENTA CORREGIDA | Y39: POSTVENTA CORREGIDA | Z39: POSTVENTA CORREGIDA | AA39: POSTVENTA CORREGIDA | AB39: POSTVENTA CORREGIDA | AC39: POSTVENTA CORREGIDA | AD39: POSTVENTA CORREGIDA | AE39: POSTVENTA CORREGIDA | AF39: POSTVENTA CORREGIDA | AG39: POSTVENTA CORREGIDA | AH39: POSTVENTA CORREGIDA | AI39: POSTVENTA CORREGIDA | AJ39: POSTVENTA CORREGIDA | AK39: POSTVENTA CORREGIDA | AL39: POSTVENTA CORREGIDA | AM39: POSTVENTA CORREGIDA | AN39: POSTVENTA CORREGIDA
A40: ZONA LABORES | B40: =+B39+1 -> 44 | C40: Luces | E40: TIENE POSTVENTA | F40: POSTVENTA CORREGIDA | G40: POSTVENTA CORREGIDA | H40: TIENE POSTVENTA | I40: POSTVENTA CORREGIDA | J40: POSTVENTA CORREGIDA | K40: POSTVENTA CORREGIDA | L40: POSTVENTA CORREGIDA | M40: POSTVENTA CORREGIDA | N40: POSTVENTA CORREGIDA | O40: POSTVENTA CORREGIDA | P40: POSTVENTA CORREGIDA | Q40: POSTVENTA CORREGIDA | R40: POSTVENTA CORREGIDA | S40: POSTVENTA CORREGIDA | T40: POSTVENTA CORREGIDA | U40: POSTVENTA CORREGIDA | V40: POSTVENTA CORREGIDA | W40: POSTVENTA CORREGIDA | X40: POSTVENTA CORREGIDA | Y40: POSTVENTA CORREGIDA | Z40: POSTVENTA CORREGIDA | AA40: POSTVENTA CORREGIDA | AB40: POSTVENTA CORREGIDA | AC40: POSTVENTA CORREGIDA | AD40: POSTVENTA CORREGIDA | AE40: POSTVENTA CORREGIDA | AF40: POSTVENTA CORREGIDA | AG40: POSTVENTA CORREGIDA | AH40: POSTVENTA CORREGIDA | AI40: POSTVENTA CORREGIDA | AJ40: POSTVENTA CORREGIDA | AK40: POSTVENTA CORREGIDA | AL40: POSTVENTA CORREGIDA | AM40: POSTVENTA CORREGIDA | AN40: POSTVENTA CORREGIDA
B41: =+B40+1 -> 45 | C41: Switches | E41: TIENE POSTVENTA | F41: POSTVENTA CORREGIDA | G41: POSTVENTA CORREGIDA | H41: TIENE POSTVENTA | I41: POSTVENTA CORREGIDA | J41: POSTVENTA CORREGIDA | K41: POSTVENTA CORREGIDA | L41: POSTVENTA CORREGIDA | M41: POSTVENTA CORREGIDA | N41: POSTVENTA CORREGIDA | O41: POSTVENTA CORREGIDA | P41: POSTVENTA CORREGIDA | Q41: POSTVENTA CORREGIDA | R41: POSTVENTA CORREGIDA | S41: POSTVENTA CORREGIDA | T41: POSTVENTA CORREGIDA | U41: POSTVENTA CORREGIDA | V41: POSTVENTA CORREGIDA | W41: POSTVENTA CORREGIDA | X41: POSTVENTA CORREGIDA | Y41: POSTVENTA CORREGIDA | Z41: POSTVENTA CORREGIDA | AA41: POSTVENTA CORREGIDA | AB41: POSTVENTA CORREGIDA | AC41: POSTVENTA CORREGIDA | AD41: POSTVENTA CORREGIDA | AE41: POSTVENTA CORREGIDA | AF41: POSTVENTA CORREGIDA | AG41: POSTVENTA CORREGIDA | AH41: POSTVENTA CORREGIDA | AI41: POSTVENTA CORREGIDA | AJ41: POSTVENTA CORREGIDA | AK41: POSTVENTA CORREGIDA | AL41: POSTVENTA CORREGIDA | AM41: POSTVENTA CORREGIDA | AN41: POSTVENTA CORREGIDA
B42: =+B41+1 -> 46 | C42: Griferias | E42: TIENE POSTVENTA | F42: POSTVENTA CORREGIDA | G42: POSTVENTA CORREGIDA | H42: TIENE POSTVENTA | I42: POSTVENTA CORREGIDA | J42: POSTVENTA CORREGIDA | K42: POSTVENTA CORREGIDA | L42: POSTVENTA CORREGIDA | M42: POSTVENTA CORREGIDA | N42: POSTVENTA CORREGIDA | O42: POSTVENTA CORREGIDA | P42: POSTVENTA CORREGIDA | Q42: POSTVENTA CORREGIDA | R42: POSTVENTA CORREGIDA | S42: POSTVENTA CORREGIDA | T42: POSTVENTA CORREGIDA | U42: POSTVENTA CORREGIDA | V42: POSTVENTA CORREGIDA | W42: POSTVENTA CORREGIDA | X42: POSTVENTA CORREGIDA | Y42: POSTVENTA CORREGIDA | Z42: POSTVENTA CORREGIDA | AA42: POSTVENTA CORREGIDA | AB42: POSTVENTA CORREGIDA | AC42: POSTVENTA CORREGIDA | AD42: POSTVENTA CORREGIDA | AE42: TIENE POSTVENTA | AF42: POSTVENTA CORREGIDA | AG42: POSTVENTA CORREGIDA | AH42: POSTVENTA CORREGIDA | AI42: POSTVENTA CORREGIDA | AJ42: POSTVENTA CORREGIDA | AK42: POSTVENTA CORREGIDA | AL42: POSTVENTA CORREGIDA | AM42: POSTVENTA CORREGIDA | AN42: POSTVENTA CORREGIDA
B43: =+B42+1 -> 47 | C43: Lavadero | E43: TIENE POSTVENTA | F43: POSTVENTA CORREGIDA | G43: POSTVENTA CORREGIDA | H43: TIENE POSTVENTA | I43: POSTVENTA CORREGIDA | J43: POSTVENTA CORREGIDA | K43: POSTVENTA CORREGIDA | L43: POSTVENTA CORREGIDA | M43: POSTVENTA CORREGIDA | N43: POSTVENTA CORREGIDA | O43: TIENE POSTVENTA | P43: POSTVENTA CORREGIDA | Q43: POSTVENTA CORREGIDA | R43: POSTVENTA CORREGIDA | S43: POSTVENTA CORREGIDA | T43: POSTVENTA CORREGIDA | U43: POSTVENTA CORREGIDA | V43: POSTVENTA CORREGIDA | W43: POSTVENTA CORREGIDA | X43: POSTVENTA CORREGIDA | Y43: POSTVENTA CORREGIDA | Z43: POSTVENTA CORREGIDA | AA43: POSTVENTA CORREGIDA | AB43: POSTVENTA CORREGIDA | AC43: POSTVENTA CORREGIDA | AD43: POSTVENTA CORREGIDA | AE43: POSTVENTA CORREGIDA | AF43: POSTVENTA CORREGIDA | AG43: POSTVENTA CORREGIDA | AH43: TIENE POSTVENTA | AI43: POSTVENTA CORREGIDA | AJ43: POSTVENTA CORREGIDA | AK43: POSTVENTA CORREGIDA | AL43: POSTVENTA CORREGIDA | AM43: POSTVENTA CORREGIDA | AN43: POSTVENTA CORREGIDA
B44: 38 | C44: Enchape | E44: TIENE POSTVENTA | F44: POSTVENTA CORREGIDA | G44: POSTVENTA CORREGIDA | H44: TIENE POSTVENTA | I44: POSTVENTA CORREGIDA | J44: POSTVENTA CORREGIDA | K44: POSTVENTA CORREGIDA | L44: POSTVENTA CORREGIDA | M44: POSTVENTA CORREGIDA | N44: POSTVENTA CORREGIDA | O44: POSTVENTA CORREGIDA | P44: POSTVENTA CORREGIDA | Q44: POSTVENTA CORREGIDA | R44: POSTVENTA CORREGIDA | S44: POSTVENTA CORREGIDA | T44: POSTVENTA CORREGIDA | U44: POSTVENTA CORREGIDA | V44: POSTVENTA CORREGIDA | W44: POSTVENTA CORREGIDA | X44: POSTVENTA CORREGIDA | Y44: POSTVENTA CORREGIDA | Z44: POSTVENTA CORREGIDA | AA44: POSTVENTA CORREGIDA | AB44: POSTVENTA CORREGIDA | AC44: POSTVENTA CORREGIDA | AD44: POSTVENTA CORREGIDA | AE44: POSTVENTA CORREGIDA | AF44: POSTVENTA CORREGIDA | AG44: POSTVENTA CORREGIDA | AH44: POSTVENTA CORREGIDA | AI44: POSTVENTA CORREGIDA | AJ44: POSTVENTA CORREGIDA | AK44: POSTVENTA CORREGIDA | AL44: POSTVENTA CORREGIDA | AM44: POSTVENTA CORREGIDA | AN44: POSTVENTA CORREGIDA
B45: 39 | C45: Estado de Muro | E45: TIENE POSTVENTA | F45: POSTVENTA CORREGIDA | G45: POSTVENTA CORREGIDA | H45: TIENE POSTVENTA | I45: POSTVENTA CORREGIDA | J45: POSTVENTA CORREGIDA | K45: POSTVENTA CORREGIDA | L45: POSTVENTA CORREGIDA | M45: POSTVENTA CORREGIDA | N45: POSTVENTA CORREGIDA | O45: POSTVENTA CORREGIDA | P45: POSTVENTA CORREGIDA | Q45: POSTVENTA CORREGIDA | R45: POSTVENTA CORREGIDA | S45: POSTVENTA CORREGIDA | T45: TIENE POSTVENTA | U45: TIENE POSTVENTA | V45: POSTVENTA CORREGIDA | W45: TIENE POSTVENTA | X45: POSTVENTA CORREGIDA | Y45: POSTVENTA CORREGIDA | Z45: TIENE POSTVENTA | AA45: POSTVENTA CORREGIDA | AB45: POSTVENTA CORREGIDA | AC45: POSTVENTA CORREGIDA | AD45: POSTVENTA CORREGIDA | AE45: POSTVENTA CORREGIDA | AF45: TIENE POSTVENTA | AG45: POSTVENTA CORREGIDA | AH45: POSTVENTA CORREGIDA | AI45: POSTVENTA CORREGIDA | AJ45: POSTVENTA CORREGIDA | AK45: POSTVENTA CORREGIDA | AL45: POSTVENTA CORREGIDA | AM45: POSTVENTA CORREGIDA | AN45: TIENE POSTVENTA
B46: 40 | C46: Piso | E46: TIENE POSTVENTA | F46: POSTVENTA CORREGIDA | G46: POSTVENTA CORREGIDA | H46: TIENE POSTVENTA | I46: TIENE POSTVENTA | J46: POSTVENTA CORREGIDA | K46: POSTVENTA CORREGIDA | L46: POSTVENTA CORREGIDA | M46: POSTVENTA CORREGIDA | N46: POSTVENTA CORREGIDA | O46: POSTVENTA CORREGIDA | P46: POSTVENTA CORREGIDA | Q46: POSTVENTA CORREGIDA | R46: POSTVENTA CORREGIDA | S46: POSTVENTA CORREGIDA | T46: POSTVENTA CORREGIDA | U46: POSTVENTA CORREGIDA | V46: POSTVENTA CORREGIDA | W46: POSTVENTA CORREGIDA | X46: POSTVENTA CORREGIDA | Y46: POSTVENTA CORREGIDA | Z46: POSTVENTA CORREGIDA | AA46: POSTVENTA CORREGIDA | AB46: TIENE POSTVENTA | AC46: POSTVENTA CORREGIDA | AD46: POSTVENTA CORREGIDA | AE46: POSTVENTA CORREGIDA | AF46: POSTVENTA CORREGIDA | AG46: POSTVENTA CORREGIDA | AH46: TIENE POSTVENTA | AI46: POSTVENTA CORREGIDA | AJ46: POSTVENTA CORREGIDA | AK46: POSTVENTA CORREGIDA | AL46: POSTVENTA CORREGIDA | AM46: POSTVENTA CORREGIDA | AN46: POSTVENTA CORREGIDA
B47: 41 | C47: Guardaescobas | E47: TIENE POSTVENTA | F47: POSTVENTA CORREGIDA | G47: POSTVENTA CORREGIDA | H47: TIENE POSTVENTA | I47: POSTVENTA CORREGIDA | J47: POSTVENTA CORREGIDA | K47: POSTVENTA CORREGIDA | L47: POSTVENTA CORREGIDA | M47: POSTVENTA CORREGIDA | N47: POSTVENTA CORREGIDA | O47: POSTVENTA CORREGIDA | P47: POSTVENTA CORREGIDA | Q47: POSTVENTA CORREGIDA | R47: POSTVENTA CORREGIDA | S47: POSTVENTA CORREGIDA | T47: POSTVENTA CORREGIDA | U47: POSTVENTA CORREGIDA | V47: POSTVENTA CORREGIDA | W47: POSTVENTA CORREGIDA | X47: POSTVENTA CORREGIDA | Y47: POSTVENTA CORREGIDA | Z47: POSTVENTA CORREGIDA | AA47: POSTVENTA CORREGIDA | AB47: POSTVENTA CORREGIDA | AC47: POSTVENTA CORREGIDA | AD47: POSTVENTA CORREGIDA | AE47: POSTVENTA CORREGIDA | AF47: POSTVENTA CORREGIDA | AG47: POSTVENTA CORREGIDA | AH47: POSTVENTA CORREGIDA | AI47: POSTVENTA CORREGIDA | AJ47: POSTVENTA CORREGIDA | AK47: POSTVENTA CORREGIDA | AL47: POSTVENTA CORREGIDA | AM47: POSTVENTA CORREGIDA | AN47: POSTVENTA CORREGIDA
B48: 42 | C48: Cielorasos | E48: TIENE POSTVENTA | F48: POSTVENTA CORREGIDA | G48: POSTVENTA CORREGIDA | H48: TIENE POSTVENTA | I48: POSTVENTA CORREGIDA | J48: POSTVENTA CORREGIDA | K48: POSTVENTA CORREGIDA | L48: POSTVENTA CORREGIDA | M48: POSTVENTA CORREGIDA | N48: POSTVENTA CORREGIDA | O48: POSTVENTA CORREGIDA | P48: POSTVENTA CORREGIDA | Q48: POSTVENTA CORREGIDA | R48: POSTVENTA CORREGIDA | S48: POSTVENTA CORREGIDA | T48: POSTVENTA CORREGIDA | U48: POSTVENTA CORREGIDA | V48: POSTVENTA CORREGIDA | W48: TIENE POSTVENTA | X48: POSTVENTA CORREGIDA | Y48: POSTVENTA CORREGIDA | Z48: POSTVENTA CORREGIDA | AA48: POSTVENTA CORREGIDA | AB48: POSTVENTA CORREGIDA | AC48: POSTVENTA CORREGIDA | AD48: POSTVENTA CORREGIDA | AE48: POSTVENTA CORREGIDA | AF48: POSTVENTA CORREGIDA | AG48: POSTVENTA CORREGIDA | AH48: POSTVENTA CORREGIDA | AI48: POSTVENTA CORREGIDA | AJ48: POSTVENTA CORREGIDA | AK48: POSTVENTA CORREGIDA | AL48: POSTVENTA CORREGIDA | AM48: POSTVENTA CORREGIDA | AN48: POSTVENTA CORREGIDA
B49: 43 | C49: Tapavalvulas | E49: TIENE POSTVENTA | F49: POSTVENTA CORREGIDA | G49: POSTVENTA CORREGIDA | H49: TIENE POSTVENTA | I49: POSTVENTA CORREGIDA | J49: POSTVENTA CORREGIDA | K49: POSTVENTA CORREGIDA | L49: POSTVENTA CORREGIDA | M49: POSTVENTA CORREGIDA | N49: POSTVENTA CORREGIDA | O49: POSTVENTA CORREGIDA | P49: POSTVENTA CORREGIDA | Q49: POSTVENTA CORREGIDA | R49: POSTVENTA CORREGIDA | S49: POSTVENTA CORREGIDA | T49: POSTVENTA CORREGIDA | U49: POSTVENTA CORREGIDA | V49: POSTVENTA CORREGIDA | W49: POSTVENTA CORREGIDA | X49: POSTVENTA CORREGIDA | Y49: POSTVENTA CORREGIDA | Z49: POSTVENTA CORREGIDA | AA49: POSTVENTA CORREGIDA | AB49: POSTVENTA CORREGIDA | AC49: POSTVENTA CORREGIDA | AD49: POSTVENTA CORREGIDA | AE49: POSTVENTA CORREGIDA | AF49: POSTVENTA CORREGIDA | AG49: POSTVENTA CORREGIDA | AH49: POSTVENTA CORREGIDA | AI49: POSTVENTA CORREGIDA | AJ49: POSTVENTA CORREGIDA | AK49: POSTVENTA CORREGIDA | AL49: POSTVENTA CORREGIDA | AM49: POSTVENTA CORREGIDA | AN49: POSTVENTA CORREGIDA
A50: BAÑO SOCIAL | B50: =+B24+1 -> 22 | C50: Puerta | E50: TIENE POSTVENTA | F50: POSTVENTA CORREGIDA | G50: POSTVENTA CORREGIDA | H50: TIENE POSTVENTA | I50: POSTVENTA CORREGIDA | J50: POSTVENTA CORREGIDA | K50: POSTVENTA CORREGIDA | L50: POSTVENTA CORREGIDA | M50: POSTVENTA CORREGIDA | N50: POSTVENTA CORREGIDA | O50: POSTVENTA CORREGIDA | P50: TIENE POSTVENTA | Q50: POSTVENTA CORREGIDA | R50: POSTVENTA CORREGIDA | S50: POSTVENTA CORREGIDA | T50: POSTVENTA CORREGIDA | U50: TIENE POSTVENTA | V50: POSTVENTA CORREGIDA | W50: POSTVENTA CORREGIDA | X50: POSTVENTA CORREGIDA | Y50: POSTVENTA CORREGIDA | Z50: POSTVENTA CORREGIDA | AA50: POSTVENTA CORREGIDA | AB50: POSTVENTA CORREGIDA | AC50: POSTVENTA CORREGIDA | AD50: POSTVENTA CORREGIDA | AE50: POSTVENTA CORREGIDA | AF50: POSTVENTA CORREGIDA | AG50: POSTVENTA CORREGIDA | AH50: POSTVENTA CORREGIDA | AI50: POSTVENTA CORREGIDA | AJ50: POSTVENTA CORREGIDA | AK50: POSTVENTA CORREGIDA | AL50: POSTVENTA CORREGIDA | AM50: POSTVENTA CORREGIDA | AN50: POSTVENTA CORREGIDA
B51: 27 | C51: Cerradura | E51: TIENE POSTVENTA | F51: POSTVENTA CORREGIDA | G51: POSTVENTA CORREGIDA | H51: TIENE POSTVENTA | I51: POSTVENTA CORREGIDA | J51: POSTVENTA CORREGIDA | K51: POSTVENTA CORREGIDA | L51: POSTVENTA CORREGIDA | M51: POSTVENTA CORREGIDA | N51: POSTVENTA CORREGIDA | O51: POSTVENTA CORREGIDA | P51: POSTVENTA CORREGIDA | Q51: POSTVENTA CORREGIDA | R51: POSTVENTA CORREGIDA | S51: POSTVENTA CORREGIDA | T51: POSTVENTA CORREGIDA | U51: POSTVENTA CORREGIDA | V51: POSTVENTA CORREGIDA | W51: POSTVENTA CORREGIDA | X51: POSTVENTA CORREGIDA | Y51: POSTVENTA CORREGIDA | Z51: POSTVENTA CORREGIDA | AA51: POSTVENTA CORREGIDA | AB51: POSTVENTA CORREGIDA | AC51: POSTVENTA CORREGIDA | AD51: POSTVENTA CORREGIDA | AE51: POSTVENTA CORREGIDA | AF51: POSTVENTA CORREGIDA | AG51: POSTVENTA CORREGIDA | AH51: POSTVENTA CORREGIDA | AI51: POSTVENTA CORREGIDA | AJ51: POSTVENTA CORREGIDA | AK51: POSTVENTA CORREGIDA | AL51: POSTVENTA CORREGIDA | AM51: POSTVENTA CORREGIDA | AN51: POSTVENTA CORREGIDA
B52: 28 | C52: Luces | E52: TIENE POSTVENTA | F52: POSTVENTA CORREGIDA | G52: POSTVENTA CORREGIDA | H52: TIENE POSTVENTA | I52: POSTVENTA CORREGIDA | J52: POSTVENTA CORREGIDA | K52: POSTVENTA CORREGIDA | L52: POSTVENTA CORREGIDA | M52: POSTVENTA CORREGIDA | N52: POSTVENTA CORREGIDA | O52: POSTVENTA CORREGIDA | P52: POSTVENTA CORREGIDA | Q52: POSTVENTA CORREGIDA | R52: POSTVENTA CORREGIDA | S52: POSTVENTA CORREGIDA | T52: POSTVENTA CORREGIDA | U52: POSTVENTA CORREGIDA | V52: POSTVENTA CORREGIDA | W52: POSTVENTA CORREGIDA | X52: POSTVENTA CORREGIDA | Y52: POSTVENTA CORREGIDA | Z52: POSTVENTA CORREGIDA | AA52: POSTVENTA CORREGIDA | AB52: POSTVENTA CORREGIDA | AC52: POSTVENTA CORREGIDA | AD52: POSTVENTA CORREGIDA | AE52: POSTVENTA CORREGIDA | AF52: POSTVENTA CORREGIDA | AG52: POSTVENTA CORREGIDA | AH52: POSTVENTA CORREGIDA | AI52: POSTVENTA CORREGIDA | AJ52: POSTVENTA CORREGIDA | AK52: POSTVENTA CORREGIDA | AL52: POSTVENTA CORREGIDA | AM52: POSTVENTA CORREGIDA | AN52: POSTVENTA CORREGIDA
B53: 29 | C53: Switches | E53: TIENE POSTVENTA | F53: POSTVENTA CORREGIDA | G53: POSTVENTA CORREGIDA | H53: TIENE POSTVENTA | I53: POSTVENTA CORREGIDA | J53: POSTVENTA CORREGIDA | K53: POSTVENTA CORREGIDA | L53: POSTVENTA CORREGIDA | M53: POSTVENTA CORREGIDA | N53: POSTVENTA CORREGIDA | O53: POSTVENTA CORREGIDA | P53: POSTVENTA CORREGIDA | Q53: POSTVENTA CORREGIDA | R53: POSTVENTA CORREGIDA | S53: POSTVENTA CORREGIDA | T53: POSTVENTA CORREGIDA | U53: POSTVENTA CORREGIDA | V53: POSTVENTA CORREGIDA | W53: POSTVENTA CORREGIDA | X53: POSTVENTA CORREGIDA | Y53: POSTVENTA CORREGIDA | Z53: POSTVENTA CORREGIDA | AA53: POSTVENTA CORREGIDA | AB53: POSTVENTA CORREGIDA | AC53: POSTVENTA CORREGIDA | AD53: POSTVENTA CORREGIDA | AE53: POSTVENTA CORREGIDA | AF53: POSTVENTA CORREGIDA | AG53: POSTVENTA CORREGIDA | AH53: POSTVENTA CORREGIDA | AI53: POSTVENTA CORREGIDA | AJ53: POSTVENTA CORREGIDA | AK53: POSTVENTA CORREGIDA | AL53: POSTVENTA CORREGIDA | AM53: POSTVENTA CORREGIDA | AN53: POSTVENTA CORREGIDA
B54: 30 | C54: Extractor | E54: TIENE POSTVENTA | F54: POSTVENTA CORREGIDA | G54: POSTVENTA CORREGIDA | H54: TIENE POSTVENTA | I54: POSTVENTA CORREGIDA | J54: POSTVENTA CORREGIDA | K54: POSTVENTA CORREGIDA | L54: POSTVENTA CORREGIDA | M54: POSTVENTA CORREGIDA | N54: POSTVENTA CORREGIDA | O54: POSTVENTA CORREGIDA | P54: POSTVENTA CORREGIDA | Q54: POSTVENTA CORREGIDA | R54: POSTVENTA CORREGIDA | S54: POSTVENTA CORREGIDA | T54: POSTVENTA CORREGIDA | U54: POSTVENTA CORREGIDA | V54: POSTVENTA CORREGIDA | W54: POSTVENTA CORREGIDA | X54: POSTVENTA CORREGIDA | Y54: POSTVENTA CORREGIDA | Z54: POSTVENTA CORREGIDA | AA54: POSTVENTA CORREGIDA | AB54: POSTVENTA CORREGIDA | AC54: POSTVENTA CORREGIDA | AD54: POSTVENTA CORREGIDA | AE54: POSTVENTA CORREGIDA | AF54: POSTVENTA CORREGIDA | AG54: POSTVENTA CORREGIDA | AH54: POSTVENTA CORREGIDA | AI54: POSTVENTA CORREGIDA | AJ54: POSTVENTA CORREGIDA | AK54: POSTVENTA CORREGIDA | AL54: POSTVENTA CORREGIDA | AM54: POSTVENTA CORREGIDA | AN54: POSTVENTA CORREGIDA
B55: 31 | C55: Espejo | E55: TIENE POSTVENTA | F55: POSTVENTA CORREGIDA | G55: POSTVENTA CORREGIDA | H55: TIENE POSTVENTA | I55: POSTVENTA CORREGIDA | J55: POSTVENTA CORREGIDA | K55: POSTVENTA CORREGIDA | L55: POSTVENTA CORREGIDA | M55: POSTVENTA CORREGIDA | N55: POSTVENTA CORREGIDA | O55: POSTVENTA CORREGIDA | P55: POSTVENTA CORREGIDA | Q55: POSTVENTA CORREGIDA | R55: POSTVENTA CORREGIDA | S55: POSTVENTA CORREGIDA | T55: POSTVENTA CORREGIDA | U55: POSTVENTA CORREGIDA | V55: POSTVENTA CORREGIDA | W55: POSTVENTA CORREGIDA | X55: POSTVENTA CORREGIDA | Y55: POSTVENTA CORREGIDA | Z55: POSTVENTA CORREGIDA | AA55: POSTVENTA CORREGIDA | AB55: POSTVENTA CORREGIDA | AC55: POSTVENTA CORREGIDA | AD55: POSTVENTA CORREGIDA | AE55: POSTVENTA CORREGIDA | AF55: POSTVENTA CORREGIDA | AG55: POSTVENTA CORREGIDA | AH55: POSTVENTA CORREGIDA | AI55: POSTVENTA CORREGIDA | AJ55: POSTVENTA CORREGIDA | AK55: POSTVENTA CORREGIDA | AL55: POSTVENTA CORREGIDA | AM55: POSTVENTA CORREGIDA | AN55: POSTVENTA CORREGIDA
B56: 32 | C56: Mueble de Bano | E56: TIENE POSTVENTA | F56: POSTVENTA CORREGIDA | G56: POSTVENTA CORREGIDA | H56: TIENE POSTVENTA | I56: POSTVENTA CORREGIDA | J56: POSTVENTA CORREGIDA | K56: POSTVENTA CORREGIDA | L56: POSTVENTA CORREGIDA | M56: POSTVENTA CORREGIDA | N56: POSTVENTA CORREGIDA | O56: POSTVENTA CORREGIDA | P56: POSTVENTA CORREGIDA | Q56: POSTVENTA CORREGIDA | R56: POSTVENTA CORREGIDA | S56: POSTVENTA CORREGIDA | T56: POSTVENTA CORREGIDA | U56: POSTVENTA CORREGIDA | V56: POSTVENTA CORREGIDA | W56: POSTVENTA CORREGIDA | X56: POSTVENTA CORREGIDA | Y56: POSTVENTA CORREGIDA | Z56: POSTVENTA CORREGIDA | AA56: POSTVENTA CORREGIDA | AB56: POSTVENTA CORREGIDA | AC56: POSTVENTA CORREGIDA | AD56: POSTVENTA CORREGIDA | AE56: POSTVENTA CORREGIDA | AF56: POSTVENTA CORREGIDA | AG56: POSTVENTA CORREGIDA | AH56: TIENE POSTVENTA | AI56: POSTVENTA CORREGIDA | AJ56: POSTVENTA CORREGIDA | AK56: POSTVENTA CORREGIDA | AL56: POSTVENTA CORREGIDA | AM56: POSTVENTA CORREGIDA | AN56: POSTVENTA CORREGIDA
B57: 33 | C57: Griferias | E57: TIENE POSTVENTA | F57: POSTVENTA CORREGIDA | G57: POSTVENTA CORREGIDA | H57: TIENE POSTVENTA | I57: POSTVENTA CORREGIDA | J57: POSTVENTA CORREGIDA | K57: POSTVENTA CORREGIDA | L57: POSTVENTA CORREGIDA | M57: POSTVENTA CORREGIDA | N57: POSTVENTA CORREGIDA | O57: POSTVENTA CORREGIDA | P57: POSTVENTA CORREGIDA | Q57: POSTVENTA CORREGIDA | R57: POSTVENTA CORREGIDA | S57: POSTVENTA CORREGIDA | T57: POSTVENTA CORREGIDA | U57: POSTVENTA CORREGIDA | V57: POSTVENTA CORREGIDA | W57: POSTVENTA CORREGIDA | X57: POSTVENTA CORREGIDA | Y57: POSTVENTA CORREGIDA | Z57: POSTVENTA CORREGIDA | AA57: POSTVENTA CORREGIDA | AB57: POSTVENTA CORREGIDA | AC57: POSTVENTA CORREGIDA | AD57: POSTVENTA CORREGIDA | AE57: POSTVENTA CORREGIDA | AF57: POSTVENTA CORREGIDA | AG57: POSTVENTA CORREGIDA | AH57: POSTVENTA CORREGIDA | AI57: POSTVENTA CORREGIDA | AJ57: POSTVENTA CORREGIDA | AK57: POSTVENTA CORREGIDA | AL57: POSTVENTA CORREGIDA | AM57: POSTVENTA CORREGIDA | AN57: POSTVENTA CORREGIDA
B58: 34 | C58: Lavamano | E58: TIENE POSTVENTA | F58: POSTVENTA CORREGIDA | G58: POSTVENTA CORREGIDA | H58: TIENE POSTVENTA | I58: POSTVENTA CORREGIDA | J58: POSTVENTA CORREGIDA | K58: POSTVENTA CORREGIDA | L58: POSTVENTA CORREGIDA | M58: POSTVENTA CORREGIDA | N58: POSTVENTA CORREGIDA | O58: POSTVENTA CORREGIDA | P58: POSTVENTA CORREGIDA | Q58: POSTVENTA CORREGIDA | R58: POSTVENTA CORREGIDA | S58: POSTVENTA CORREGIDA | T58: POSTVENTA CORREGIDA | U58: POSTVENTA CORREGIDA | V58: POSTVENTA CORREGIDA | W58: POSTVENTA CORREGIDA | X58: POSTVENTA CORREGIDA | Y58: POSTVENTA CORREGIDA | Z58: POSTVENTA CORREGIDA | AA58: POSTVENTA CORREGIDA | AB58: POSTVENTA CORREGIDA | AC58: POSTVENTA CORREGIDA | AD58: POSTVENTA CORREGIDA | AE58: POSTVENTA CORREGIDA | AF58: POSTVENTA CORREGIDA | AG58: POSTVENTA CORREGIDA | AH58: POSTVENTA CORREGIDA | AI58: POSTVENTA CORREGIDA | AJ58: POSTVENTA CORREGIDA | AK58: POSTVENTA CORREGIDA | AL58: POSTVENTA CORREGIDA | AM58: POSTVENTA CORREGIDA | AN58: POSTVENTA CORREGIDA
B59: 35 | C59: Sanitario | E59: TIENE POSTVENTA | F59: POSTVENTA CORREGIDA | G59: POSTVENTA CORREGIDA | H59: TIENE POSTVENTA | I59: POSTVENTA CORREGIDA | J59: POSTVENTA CORREGIDA | K59: POSTVENTA CORREGIDA | L59: POSTVENTA CORREGIDA | M59: POSTVENTA CORREGIDA | N59: POSTVENTA CORREGIDA | O59: POSTVENTA CORREGIDA | P59: POSTVENTA CORREGIDA | Q59: POSTVENTA CORREGIDA | R59: POSTVENTA CORREGIDA | S59: POSTVENTA CORREGIDA | T59: POSTVENTA CORREGIDA | U59: POSTVENTA CORREGIDA | V59: POSTVENTA CORREGIDA | W59: POSTVENTA CORREGIDA | X59: POSTVENTA CORREGIDA | Y59: POSTVENTA CORREGIDA | Z59: POSTVENTA CORREGIDA | AA59: POSTVENTA CORREGIDA | AB59: POSTVENTA CORREGIDA | AC59: POSTVENTA CORREGIDA | AD59: POSTVENTA CORREGIDA | AE59: POSTVENTA CORREGIDA | AF59: POSTVENTA CORREGIDA | AG59: POSTVENTA CORREGIDA | AH59: POSTVENTA CORREGIDA | AI59: POSTVENTA CORREGIDA | AJ59: POSTVENTA CORREGIDA | AK59: POSTVENTA CORREGIDA | AL59: POSTVENTA CORREGIDA | AM59: POSTVENTA CORREGIDA | AN59: POSTVENTA CORREGIDA
B60: 36 | C60: Sifon | E60: TIENE POSTVENTA | F60: POSTVENTA CORREGIDA | G60: POSTVENTA CORREGIDA | H60: TIENE POSTVENTA | I60: POSTVENTA CORREGIDA | J60: POSTVENTA CORREGIDA | K60: POSTVENTA CORREGIDA | L60: POSTVENTA CORREGIDA | M60: POSTVENTA CORREGIDA | N60: POSTVENTA CORREGIDA | O60: POSTVENTA CORREGIDA | P60: POSTVENTA CORREGIDA | Q60: POSTVENTA CORREGIDA | R60: POSTVENTA CORREGIDA | S60: POSTVENTA CORREGIDA | T60: POSTVENTA CORREGIDA | U60: POSTVENTA CORREGIDA | V60: POSTVENTA CORREGIDA | W60: POSTVENTA CORREGIDA | X60: POSTVENTA CORREGIDA | Y60: POSTVENTA CORREGIDA | Z60: POSTVENTA CORREGIDA | AA60: POSTVENTA CORREGIDA | AB60: POSTVENTA CORREGIDA | AC60: POSTVENTA CORREGIDA | AD60: POSTVENTA CORREGIDA | AE60: POSTVENTA CORREGIDA | AF60: POSTVENTA CORREGIDA | AG60: POSTVENTA CORREGIDA | AH60: POSTVENTA CORREGIDA | AI60: POSTVENTA CORREGIDA | AJ60: POSTVENTA CORREGIDA | AK60: POSTVENTA CORREGIDA | AL60: POSTVENTA CORREGIDA | AM60: POSTVENTA CORREGIDA | AN60: POSTVENTA CORREGIDA
B61: 37 | C61: Accesorios de bano | E61: TIENE POSTVENTA | F61: POSTVENTA CORREGIDA | G61: POSTVENTA CORREGIDA | H61: TIENE POSTVENTA | I61: POSTVENTA CORREGIDA | J61: POSTVENTA CORREGIDA | K61: POSTVENTA CORREGIDA | L61: POSTVENTA CORREGIDA | M61: POSTVENTA CORREGIDA | N61: POSTVENTA CORREGIDA | O61: POSTVENTA CORREGIDA | P61: POSTVENTA CORREGIDA | Q61: POSTVENTA CORREGIDA | R61: POSTVENTA CORREGIDA | S61: POSTVENTA CORREGIDA | T61: POSTVENTA CORREGIDA | U61: POSTVENTA CORREGIDA | V61: POSTVENTA CORREGIDA | W61: POSTVENTA CORREGIDA | X61: POSTVENTA CORREGIDA | Y61: POSTVENTA CORREGIDA | Z61: POSTVENTA CORREGIDA | AA61: POSTVENTA CORREGIDA | AB61: POSTVENTA CORREGIDA | AC61: POSTVENTA CORREGIDA | AD61: POSTVENTA CORREGIDA | AE61: POSTVENTA CORREGIDA | AF61: POSTVENTA CORREGIDA | AG61: POSTVENTA CORREGIDA | AH61: TIENE POSTVENTA | AI61: POSTVENTA CORREGIDA | AJ61: POSTVENTA CORREGIDA | AK61: POSTVENTA CORREGIDA | AL61: POSTVENTA CORREGIDA | AM61: POSTVENTA CORREGIDA | AN61: POSTVENTA CORREGIDA
B62: 38 | C62: Enchape | E62: TIENE POSTVENTA | F62: POSTVENTA CORREGIDA | G62: POSTVENTA CORREGIDA | H62: TIENE POSTVENTA | I62: POSTVENTA CORREGIDA | J62: POSTVENTA CORREGIDA | K62: POSTVENTA CORREGIDA | L62: POSTVENTA CORREGIDA | M62: POSTVENTA CORREGIDA | N62: POSTVENTA CORREGIDA | O62: POSTVENTA CORREGIDA | P62: POSTVENTA CORREGIDA | Q62: POSTVENTA CORREGIDA | R62: POSTVENTA CORREGIDA | S62: POSTVENTA CORREGIDA | T62: POSTVENTA CORREGIDA | U62: POSTVENTA CORREGIDA | V62: POSTVENTA CORREGIDA | W62: POSTVENTA CORREGIDA | X62: POSTVENTA CORREGIDA | Y62: POSTVENTA CORREGIDA | Z62: POSTVENTA CORREGIDA | AA62: POSTVENTA CORREGIDA | AB62: POSTVENTA CORREGIDA | AC62: POSTVENTA CORREGIDA | AD62: POSTVENTA CORREGIDA | AE62: POSTVENTA CORREGIDA | AF62: POSTVENTA CORREGIDA | AG62: POSTVENTA CORREGIDA | AH62: POSTVENTA CORREGIDA | AI62: POSTVENTA CORREGIDA | AJ62: POSTVENTA CORREGIDA | AK62: POSTVENTA CORREGIDA | AL62: POSTVENTA CORREGIDA | AM62: POSTVENTA CORREGIDA | AN62: POSTVENTA CORREGIDA
... B67: 43 | C67: Tapavalvulas | E67: TIENE POSTVENTA | F67: POSTVENTA CORREGIDA | G67: POSTVENTA CORREGIDA | H67: TIENE POSTVENTA | I67: POSTVENTA CORREGIDA | J67: POSTVENTA CORREGIDA | K67: POSTVENTA CORREGIDA | L67: POSTVENTA CORREGIDA | M67: POSTVENTA CORREGIDA | N67: POSTVENTA CORREGIDA | O67: POSTVENTA CORREGIDA | P67: POSTVENTA CORREGIDA | Q67: POSTVENTA CORREGIDA | R67: POSTVENTA CORREGIDA | S67: POSTVENTA CORREGIDA | T67: POSTVENTA CORREGIDA | U67: POSTVENTA CORREGIDA | V67: POSTVENTA CORREGIDA | W67: POSTVENTA CORREGIDA | X67: POSTVENTA CORREGIDA | Y67: POSTVENTA CORREGIDA | Z67: POSTVENTA CORREGIDA | AA67: POSTVENTA CORREGIDA | AB67: POSTVENTA CORREGIDA | AC67: POSTVENTA CORREGIDA | AD67: POSTVENTA CORREGIDA | AE67: POSTVENTA CORREGIDA | AF67: POSTVENTA CORREGIDA | AG67: POSTVENTA CORREGIDA | AH67: POSTVENTA CORREGIDA | AI67: POSTVENTA CORREGIDA | AJ67: POSTVENTA CORREGIDA | AK67: POSTVENTA CORREGIDA | AL67: POSTVENTA CORREGIDA | AM67: POSTVENTA CORREGIDA | AN67: POSTVENTA CORREGIDA
A68: BALCON | B68: 44 | C68: Luces | E68: TIENE POSTVENTA | F68: POSTVENTA CORREGIDA | G68: POSTVENTA CORREGIDA | H68: TIENE POSTVENTA | I68: POSTVENTA CORREGIDA | J68: POSTVENTA CORREGIDA | K68: POSTVENTA CORREGIDA | L68: POSTVENTA CORREGIDA | M68: POSTVENTA CORREGIDA | N68: POSTVENTA CORREGIDA | O68: POSTVENTA CORREGIDA | P68: POSTVENTA CORREGIDA | Q68: POSTVENTA CORREGIDA | R68: POSTVENTA CORREGIDA | S68: POSTVENTA CORREGIDA | T68: POSTVENTA CORREGIDA | U68: POSTVENTA CORREGIDA | V68: POSTVENTA CORREGIDA | W68: POSTVENTA CORREGIDA | X68: POSTVENTA CORREGIDA | Y68: POSTVENTA CORREGIDA | Z68: POSTVENTA CORREGIDA | AA68: POSTVENTA CORREGIDA | AB68: POSTVENTA CORREGIDA | AC68: POSTVENTA CORREGIDA | AD68: POSTVENTA CORREGIDA | AE68: POSTVENTA CORREGIDA | AF68: POSTVENTA CORREGIDA | AG68: POSTVENTA CORREGIDA | AH68: POSTVENTA CORREGIDA | AI68: POSTVENTA CORREGIDA | AJ68: POSTVENTA CORREGIDA | AK68: POSTVENTA CORREGIDA | AL68: POSTVENTA CORREGIDA | AM68: POSTVENTA CORREGIDA | AN68: POSTVENTA CORREGIDA
B69: 45 | C69: Piso | E69: TIENE POSTVENTA | F69: POSTVENTA CORREGIDA | G69: POSTVENTA CORREGIDA | H69: TIENE POSTVENTA | I69: POSTVENTA CORREGIDA | J69: POSTVENTA CORREGIDA | K69: POSTVENTA CORREGIDA | L69: POSTVENTA CORREGIDA | M69: POSTVENTA CORREGIDA | N69: POSTVENTA CORREGIDA | O69: POSTVENTA CORREGIDA | P69: POSTVENTA CORREGIDA | Q69: POSTVENTA CORREGIDA | R69: POSTVENTA CORREGIDA | S69: POSTVENTA CORREGIDA | T69: POSTVENTA CORREGIDA | U69: POSTVENTA CORREGIDA | V69: POSTVENTA CORREGIDA | W69: POSTVENTA CORREGIDA | X69: POSTVENTA CORREGIDA | Y69: POSTVENTA CORREGIDA | Z69: POSTVENTA CORREGIDA | AA69: POSTVENTA CORREGIDA | AB69: POSTVENTA CORREGIDA | AC69: POSTVENTA CORREGIDA | AD69: POSTVENTA CORREGIDA | AE69: POSTVENTA CORREGIDA | AF69: POSTVENTA CORREGIDA | AG69: POSTVENTA CORREGIDA | AH69: POSTVENTA CORREGIDA | AI69: POSTVENTA CORREGIDA | AJ69: POSTVENTA CORREGIDA | AK69: POSTVENTA CORREGIDA | AL69: POSTVENTA CORREGIDA | AM69: POSTVENTA CORREGIDA | AN69: POSTVENTA CORREGIDA
B70: =B69+1 -> 46 | C70: Guardaescobas | E70: TIENE POSTVENTA | F70: POSTVENTA CORREGIDA | G70: POSTVENTA CORREGIDA | H70: TIENE POSTVENTA | I70: POSTVENTA CORREGIDA | J70: POSTVENTA CORREGIDA | K70: POSTVENTA CORREGIDA | L70: POSTVENTA CORREGIDA | M70: POSTVENTA CORREGIDA | N70: POSTVENTA CORREGIDA | O70: POSTVENTA CORREGIDA | P70: POSTVENTA CORREGIDA | Q70: POSTVENTA CORREGIDA | R70: POSTVENTA CORREGIDA | S70: POSTVENTA CORREGIDA | T70: POSTVENTA CORREGIDA | U70: POSTVENTA CORREGIDA | V70: POSTVENTA CORREGIDA | W70: POSTVENTA CORREGIDA | X70: POSTVENTA CORREGIDA | Y70: POSTVENTA CORREGIDA | Z70: POSTVENTA CORREGIDA | AA70: POSTVENTA CORREGIDA | AB70: POSTVENTA CORREGIDA | AC70: POSTVENTA CORREGIDA | AD70: POSTVENTA CORREGIDA | AE70: POSTVENTA CORREGIDA | AF70: POSTVENTA CORREGIDA | AG70: POSTVENTA CORREGIDA | AH70: POSTVENTA CORREGIDA | AI70: POSTVENTA CORREGIDA | AJ70: POSTVENTA CORREGIDA | AK70: POSTVENTA CORREGIDA | AL70: POSTVENTA CORREGIDA | AM70: POSTVENTA CORREGIDA | AN70: POSTVENTA CORREGIDA
B71: =B70+1 -> 47 | C71: Muros | E71: TIENE POSTVENTA | F71: POSTVENTA CORREGIDA | G71: POSTVENTA CORREGIDA | H71: TIENE POSTVENTA | I71: POSTVENTA CORREGIDA | J71: POSTVENTA CORREGIDA | K71: POSTVENTA CORREGIDA | L71: POSTVENTA CORREGIDA | M71: POSTVENTA CORREGIDA | N71: POSTVENTA CORREGIDA | O71: POSTVENTA CORREGIDA | P71: POSTVENTA CORREGIDA | Q71: POSTVENTA CORREGIDA | R71: POSTVENTA CORREGIDA | S71: POSTVENTA CORREGIDA | T71: POSTVENTA CORREGIDA | U71: POSTVENTA CORREGIDA | V71: POSTVENTA CORREGIDA | W71: POSTVENTA CORREGIDA | X71: POSTVENTA CORREGIDA | Y71: POSTVENTA CORREGIDA | Z71: TIENE POSTVENTA | AA71: POSTVENTA CORREGIDA | AB71: POSTVENTA CORREGIDA | AC71: POSTVENTA CORREGIDA | AD71: POSTVENTA CORREGIDA | AE71: POSTVENTA CORREGIDA | AF71: POSTVENTA CORREGIDA | AG71: POSTVENTA CORREGIDA | AH71: TIENE POSTVENTA | AI71: POSTVENTA CORREGIDA | AJ71: POSTVENTA CORREGIDA | AK71: POSTVENTA CORREGIDA | AL71: POSTVENTA CORREGIDA | AM71: POSTVENTA CORREGIDA | AN71: POSTVENTA CORREGIDA
B72: =B71+1 -> 48 | C72: Cielorasos | E72: TIENE POSTVENTA | F72: POSTVENTA CORREGIDA | G72: POSTVENTA CORREGIDA | H72: TIENE POSTVENTA | I72: POSTVENTA CORREGIDA | J72: POSTVENTA CORREGIDA | K72: POSTVENTA CORREGIDA | L72: POSTVENTA CORREGIDA | M72: POSTVENTA CORREGIDA | N72: POSTVENTA CORREGIDA | O72: POSTVENTA CORREGIDA | P72: POSTVENTA CORREGIDA | Q72: POSTVENTA CORREGIDA | R72: POSTVENTA CORREGIDA | S72: POSTVENTA CORREGIDA | T72: POSTVENTA CORREGIDA | U72: TIENE POSTVENTA | V72: POSTVENTA CORREGIDA | W72: POSTVENTA CORREGIDA | X72: POSTVENTA CORREGIDA | Y72: POSTVENTA CORREGIDA | Z72: POSTVENTA CORREGIDA | AA72: POSTVENTA CORREGIDA | AB72: POSTVENTA CORREGIDA | AC72: POSTVENTA CORREGIDA | AD72: POSTVENTA CORREGIDA | AE72: POSTVENTA CORREGIDA | AF72: POSTVENTA CORREGIDA | AG72: POSTVENTA CORREGIDA | AH72: POSTVENTA CORREGIDA | AI72: POSTVENTA CORREGIDA | AJ72: POSTVENTA CORREGIDA | AK72: POSTVENTA CORREGIDA | AL72: POSTVENTA CORREGIDA | AM72: POSTVENTA CORREGIDA | AN72: POSTVENTA CORREGIDA
B73: =B72+1 -> 49 | C73: Barandas | E73: TIENE POSTVENTA | F73: POSTVENTA CORREGIDA | G73: POSTVENTA CORREGIDA | H73: TIENE POSTVENTA | I73: POSTVENTA CORREGIDA | J73: POSTVENTA CORREGIDA | K73: POSTVENTA CORREGIDA | L73: POSTVENTA CORREGIDA | M73: POSTVENTA CORREGIDA | N73: POSTVENTA CORREGIDA | O73: POSTVENTA CORREGIDA | P73: POSTVENTA CORREGIDA | Q73: POSTVENTA CORREGIDA | R73: POSTVENTA CORREGIDA | S73: POSTVENTA CORREGIDA | T73: POSTVENTA CORREGIDA | U73: POSTVENTA CORREGIDA | V73: POSTVENTA CORREGIDA | W73: POSTVENTA CORREGIDA | X73: POSTVENTA CORREGIDA | Y73: POSTVENTA CORREGIDA | Z73: POSTVENTA CORREGIDA | AA73: POSTVENTA CORREGIDA | AB73: POSTVENTA CORREGIDA | AC73: POSTVENTA CORREGIDA | AD73: POSTVENTA CORREGIDA | AE73: POSTVENTA CORREGIDA | AF73: POSTVENTA CORREGIDA | AG73: POSTVENTA CORREGIDA | AH73: POSTVENTA CORREGIDA | AI73: POSTVENTA CORREGIDA | AJ73: POSTVENTA CORREGIDA | AK73: POSTVENTA CORREGIDA | AL73: POSTVENTA CORREGIDA | AM73: POSTVENTA CORREGIDA | AN73: POSTVENTA CORREGIDA
B74: =B73+1 -> 50 | C74: Pasamano de Barandas | E74: TIENE POSTVENTA | F74: POSTVENTA CORREGIDA | G74: POSTVENTA CORREGIDA | H74: TIENE POSTVENTA | I74: POSTVENTA CORREGIDA | J74: POSTVENTA CORREGIDA | K74: POSTVENTA CORREGIDA | L74: POSTVENTA CORREGIDA | M74: POSTVENTA CORREGIDA | N74: POSTVENTA CORREGIDA | O74: POSTVENTA CORREGIDA | P74: POSTVENTA CORREGIDA | Q74: POSTVENTA CORREGIDA | R74: POSTVENTA CORREGIDA | S74: POSTVENTA CORREGIDA | T74: POSTVENTA CORREGIDA | U74: POSTVENTA CORREGIDA | V74: POSTVENTA CORREGIDA | W74: POSTVENTA CORREGIDA | X74: POSTVENTA CORREGIDA | Y74: POSTVENTA CORREGIDA | Z74: POSTVENTA CORREGIDA | AA74: POSTVENTA CORREGIDA | AB74: POSTVENTA CORREGIDA | AC74: POSTVENTA CORREGIDA | AD74: POSTVENTA CORREGIDA | AE74: POSTVENTA CORREGIDA | AF74: POSTVENTA CORREGIDA | AG74: POSTVENTA CORREGIDA | AH74: POSTVENTA CORREGIDA | AI74: POSTVENTA CORREGIDA | AJ74: POSTVENTA CORREGIDA | AK74: POSTVENTA CORREGIDA | AL74: POSTVENTA CORREGIDA | AM74: POSTVENTA CORREGIDA | AN74: POSTVENTA CORREGIDA
B75: =B74+1 -> 51 | C75: Poyo | E75: TIENE POSTVENTA | F75: POSTVENTA CORREGIDA | G75: POSTVENTA CORREGIDA | H75: TIENE POSTVENTA | I75: POSTVENTA CORREGIDA | J75: POSTVENTA CORREGIDA | K75: POSTVENTA CORREGIDA | L75: POSTVENTA CORREGIDA | M75: POSTVENTA CORREGIDA | N75: POSTVENTA CORREGIDA | O75: POSTVENTA CORREGIDA | P75: POSTVENTA CORREGIDA | Q75: POSTVENTA CORREGIDA | R75: POSTVENTA CORREGIDA | S75: POSTVENTA CORREGIDA | T75: POSTVENTA CORREGIDA | U75: POSTVENTA CORREGIDA | V75: POSTVENTA CORREGIDA | W75: POSTVENTA CORREGIDA | X75: POSTVENTA CORREGIDA | Y75: POSTVENTA CORREGIDA | Z75: POSTVENTA CORREGIDA | AA75: POSTVENTA CORREGIDA | AB75: POSTVENTA CORREGIDA | AC75: POSTVENTA CORREGIDA | AD75: POSTVENTA CORREGIDA | AE75: POSTVENTA CORREGIDA | AF75: POSTVENTA CORREGIDA | AG75: POSTVENTA CORREGIDA | AH75: POSTVENTA CORREGIDA | AI75: POSTVENTA CORREGIDA | AJ75: POSTVENTA CORREGIDA | AK75: POSTVENTA CORREGIDA | AL75: POSTVENTA CORREGIDA | AM75: POSTVENTA CORREGIDA | AN75: POSTVENTA CORREGIDA
B76: 52 | C76: Rejillas de piso | E76: TIENE POSTVENTA | F76: POSTVENTA CORREGIDA | G76: POSTVENTA CORREGIDA | H76: TIENE POSTVENTA | I76: POSTVENTA CORREGIDA | J76: POSTVENTA CORREGIDA | K76: POSTVENTA CORREGIDA | L76: POSTVENTA CORREGIDA | M76: POSTVENTA CORREGIDA | N76: POSTVENTA CORREGIDA | O76: POSTVENTA CORREGIDA | P76: POSTVENTA CORREGIDA | Q76: POSTVENTA CORREGIDA | R76: POSTVENTA CORREGIDA | S76: POSTVENTA CORREGIDA | T76: POSTVENTA CORREGIDA | U76: POSTVENTA CORREGIDA | V76: POSTVENTA CORREGIDA | W76: POSTVENTA CORREGIDA | X76: POSTVENTA CORREGIDA | Y76: POSTVENTA CORREGIDA | Z76: POSTVENTA CORREGIDA | AA76: POSTVENTA CORREGIDA | AB76: POSTVENTA CORREGIDA | AC76: POSTVENTA CORREGIDA | AD76: POSTVENTA CORREGIDA | AE76: POSTVENTA CORREGIDA | AF76: POSTVENTA CORREGIDA | AG76: POSTVENTA CORREGIDA | AH76: POSTVENTA CORREGIDA | AI76: POSTVENTA CORREGIDA | AJ76: POSTVENTA CORREGIDA | AK76: POSTVENTA CORREGIDA | AL76: POSTVENTA CORREGIDA | AM76: POSTVENTA CORREGIDA | AN76: POSTVENTA CORREGIDA
A77: BALCON A.A | B77: 44 | C77: Luces | E77: TIENE POSTVENTA | F77: POSTVENTA CORREGIDA | G77: POSTVENTA CORREGIDA | H77: TIENE POSTVENTA | I77: POSTVENTA CORREGIDA | J77: POSTVENTA CORREGIDA | K77: POSTVENTA CORREGIDA | L77: POSTVENTA CORREGIDA | M77: POSTVENTA CORREGIDA | N77: POSTVENTA CORREGIDA | O77: POSTVENTA CORREGIDA | P77: POSTVENTA CORREGIDA | Q77: POSTVENTA CORREGIDA | R77: POSTVENTA CORREGIDA | S77: POSTVENTA CORREGIDA | T77: POSTVENTA CORREGIDA | U77: POSTVENTA CORREGIDA | V77: POSTVENTA CORREGIDA | W77: POSTVENTA CORREGIDA | X77: POSTVENTA CORREGIDA | Y77: POSTVENTA CORREGIDA | Z77: POSTVENTA CORREGIDA | AA77: POSTVENTA CORREGIDA | AB77: POSTVENTA CORREGIDA | AC77: POSTVENTA CORREGIDA | AD77: POSTVENTA CORREGIDA | AE77: POSTVENTA CORREGIDA | AF77: POSTVENTA CORREGIDA | AG77: POSTVENTA CORREGIDA | AH77: POSTVENTA CORREGIDA | AI77: POSTVENTA CORREGIDA | AJ77: POSTVENTA CORREGIDA | AK77: POSTVENTA CORREGIDA | AL77: POSTVENTA CORREGIDA | AM77: POSTVENTA CORREGIDA | AN77: POSTVENTA CORREGIDA
B78: 45 | C78: Pisos y plantillas | E78: TIENE POSTVENTA | F78: POSTVENTA CORREGIDA | G78: POSTVENTA CORREGIDA | H78: TIENE POSTVENTA | I78: POSTVENTA CORREGIDA | J78: POSTVENTA CORREGIDA | K78: POSTVENTA CORREGIDA | L78: POSTVENTA CORREGIDA | M78: POSTVENTA CORREGIDA | N78: POSTVENTA CORREGIDA | O78: POSTVENTA CORREGIDA | P78: POSTVENTA CORREGIDA | Q78: POSTVENTA CORREGIDA | R78: POSTVENTA CORREGIDA | S78: POSTVENTA CORREGIDA | T78: POSTVENTA CORREGIDA | U78: POSTVENTA CORREGIDA | V78: POSTVENTA CORREGIDA | W78: POSTVENTA CORREGIDA | X78: POSTVENTA CORREGIDA | Y78: POSTVENTA CORREGIDA | Z78: POSTVENTA CORREGIDA | AA78: POSTVENTA CORREGIDA | AB78: POSTVENTA CORREGIDA | AC78: POSTVENTA CORREGIDA | AD78: POSTVENTA CORREGIDA | AE78: POSTVENTA CORREGIDA | AF78: POSTVENTA CORREGIDA | AG78: POSTVENTA CORREGIDA | AH78: POSTVENTA CORREGIDA | AI78: POSTVENTA CORREGIDA | AJ78: POSTVENTA CORREGIDA | AK78: POSTVENTA CORREGIDA | AL78: POSTVENTA CORREGIDA | AM78: POSTVENTA CORREGIDA | AN78: POSTVENTA CORREGIDA
B79: =+B78+1 -> 46 | C79: Muros | E79: TIENE POSTVENTA | F79: POSTVENTA CORREGIDA | G79: TIENE POSTVENTA | H79: TIENE POSTVENTA | I79: POSTVENTA CORREGIDA | J79: POSTVENTA CORREGIDA | K79: POSTVENTA CORREGIDA | L79: POSTVENTA CORREGIDA | M79: POSTVENTA CORREGIDA | N79: POSTVENTA CORREGIDA | O79: POSTVENTA CORREGIDA | P79: POSTVENTA CORREGIDA | Q79: POSTVENTA CORREGIDA | R79: POSTVENTA CORREGIDA | S79: POSTVENTA CORREGIDA | T79: POSTVENTA CORREGIDA | U79: POSTVENTA CORREGIDA | V79: TIENE POSTVENTA | W79: POSTVENTA CORREGIDA | X79: POSTVENTA CORREGIDA | Y79: POSTVENTA CORREGIDA | Z79: TIENE POSTVENTA | AA79: POSTVENTA CORREGIDA | AB79: POSTVENTA CORREGIDA | AC79: POSTVENTA CORREGIDA | AD79: POSTVENTA CORREGIDA | AE79: POSTVENTA CORREGIDA | AF79: TIENE POSTVENTA | AG79: POSTVENTA CORREGIDA | AH79: POSTVENTA CORREGIDA | AI79: POSTVENTA CORREGIDA | AJ79: POSTVENTA CORREGIDA | AK79: POSTVENTA CORREGIDA | AL79: POSTVENTA CORREGIDA | AM79: POSTVENTA CORREGIDA | AN79: TIENE POSTVENTA
B80: =B79+1 -> 47 | C80: Cielorasos | E80: TIENE POSTVENTA | F80: POSTVENTA CORREGIDA | G80: POSTVENTA CORREGIDA | H80: TIENE POSTVENTA | I80: POSTVENTA CORREGIDA | J80: POSTVENTA CORREGIDA | K80: POSTVENTA CORREGIDA | L80: POSTVENTA CORREGIDA | M80: POSTVENTA CORREGIDA | N80: POSTVENTA CORREGIDA | O80: POSTVENTA CORREGIDA | P80: POSTVENTA CORREGIDA | Q80: POSTVENTA CORREGIDA | R80: POSTVENTA CORREGIDA | S80: POSTVENTA CORREGIDA | T80: POSTVENTA CORREGIDA | U80: TIENE POSTVENTA | V80: POSTVENTA CORREGIDA | W80: TIENE POSTVENTA | X80: POSTVENTA CORREGIDA | Y80: POSTVENTA CORREGIDA | Z80: POSTVENTA CORREGIDA | AA80: POSTVENTA CORREGIDA | AB80: POSTVENTA CORREGIDA | AC80: POSTVENTA CORREGIDA | AD80: POSTVENTA CORREGIDA | AE80: POSTVENTA CORREGIDA | AF80: POSTVENTA CORREGIDA | AG80: POSTVENTA CORREGIDA | AH80: POSTVENTA CORREGIDA | AI80: POSTVENTA CORREGIDA | AJ80: POSTVENTA CORREGIDA | AK80: POSTVENTA CORREGIDA | AL80: POSTVENTA CORREGIDA | AM80: POSTVENTA CORREGIDA | AN80: POSTVENTA CORREGIDA
B81: =B80+1 -> 48 | C81: rejillas balcon | E81: TIENE POSTVENTA | F81: POSTVENTA CORREGIDA | G81: POSTVENTA CORREGIDA | H81: TIENE POSTVENTA | I81: POSTVENTA CORREGIDA | J81: POSTVENTA CORREGIDA | K81: POSTVENTA CORREGIDA | L81: POSTVENTA CORREGIDA | M81: POSTVENTA CORREGIDA | N81: POSTVENTA CORREGIDA | O81: POSTVENTA CORREGIDA | P81: POSTVENTA CORREGIDA | Q81: POSTVENTA CORREGIDA | R81: POSTVENTA CORREGIDA | S81: POSTVENTA CORREGIDA | T81: POSTVENTA CORREGIDA | U81: POSTVENTA CORREGIDA | V81: POSTVENTA CORREGIDA | W81: POSTVENTA CORREGIDA | X81: POSTVENTA CORREGIDA | Y81: POSTVENTA CORREGIDA | Z81: POSTVENTA CORREGIDA | AA81: POSTVENTA CORREGIDA | AB81: POSTVENTA CORREGIDA | AC81: POSTVENTA CORREGIDA | AD81: POSTVENTA CORREGIDA | AE81: POSTVENTA CORREGIDA | AF81: POSTVENTA CORREGIDA | AG81: POSTVENTA CORREGIDA | AH81: POSTVENTA CORREGIDA | AI81: POSTVENTA CORREGIDA | AJ81: POSTVENTA CORREGIDA | AK81: POSTVENTA CORREGIDA | AL81: POSTVENTA CORREGIDA | AM81: POSTVENTA CORREGIDA | AN81: POSTVENTA CORREGIDA
B82: =B81+1 -> 49 | C82: Pasamano de Barandas | E82: TIENE POSTVENTA | F82: POSTVENTA CORREGIDA | G82: TIENE POSTVENTA | H82: TIENE POSTVENTA | I82: POSTVENTA CORREGIDA | J82: POSTVENTA CORREGIDA | K82: POSTVENTA CORREGIDA | L82: POSTVENTA CORREGIDA | M82: POSTVENTA CORREGIDA | N82: POSTVENTA CORREGIDA | O82: POSTVENTA CORREGIDA | P82: POSTVENTA CORREGIDA | Q82: POSTVENTA CORREGIDA | R82: POSTVENTA CORREGIDA | S82: POSTVENTA CORREGIDA | T82: POSTVENTA CORREGIDA | U82: POSTVENTA CORREGIDA | V82: POSTVENTA CORREGIDA | W82: POSTVENTA CORREGIDA | X82: POSTVENTA CORREGIDA | Y82: POSTVENTA CORREGIDA | Z82: POSTVENTA CORREGIDA | AA82: POSTVENTA CORREGIDA | AB82: POSTVENTA CORREGIDA | AC82: POSTVENTA CORREGIDA | AD82: POSTVENTA CORREGIDA | AE82: TIENE POSTVENTA | AF82: POSTVENTA CORREGIDA | AG82: POSTVENTA CORREGIDA | AH82: POSTVENTA CORREGIDA | AI82: POSTVENTA CORREGIDA | AJ82: POSTVENTA CORREGIDA | AK82: POSTVENTA CORREGIDA | AL82: POSTVENTA CORREGIDA | AM82: POSTVENTA CORREGIDA | AN82: POSTVENTA CORREGIDA
A83: HABITACIÓN PPAL | B83: =+B82+1 -> 50 | C83: Puerta en madera | E83: TIENE POSTVENTA | F83: POSTVENTA CORREGIDA | G83: POSTVENTA CORREGIDA | H83: TIENE POSTVENTA | I83: TIENE POSTVENTA | J83: POSTVENTA CORREGIDA | K83: POSTVENTA CORREGIDA | L83: POSTVENTA CORREGIDA | M83: POSTVENTA CORREGIDA | N83: TIENE POSTVENTA | O83: POSTVENTA CORREGIDA | P83: POSTVENTA CORREGIDA | Q83: POSTVENTA CORREGIDA | R83: POSTVENTA CORREGIDA | S83: POSTVENTA CORREGIDA | T83: POSTVENTA CORREGIDA | U83: POSTVENTA CORREGIDA | V83: POSTVENTA CORREGIDA | W83: POSTVENTA CORREGIDA | X83: POSTVENTA CORREGIDA | Y83: POSTVENTA CORREGIDA | Z83: POSTVENTA CORREGIDA | AA83: POSTVENTA CORREGIDA | AB83: TIENE POSTVENTA | AC83: POSTVENTA CORREGIDA | AD83: POSTVENTA CORREGIDA | AE83: TIENE POSTVENTA | AF83: POSTVENTA CORREGIDA | AG83: POSTVENTA CORREGIDA | AH83: POSTVENTA CORREGIDA | AI83: POSTVENTA CORREGIDA | AJ83: POSTVENTA CORREGIDA | AK83: POSTVENTA CORREGIDA | AL83: POSTVENTA CORREGIDA | AM83: POSTVENTA CORREGIDA | AN83: TIENE POSTVENTA
B84: =+B83+1 -> 51 | C84: Cerradura | E84: TIENE POSTVENTA | F84: POSTVENTA CORREGIDA | G84: POSTVENTA CORREGIDA | H84: TIENE POSTVENTA | I84: POSTVENTA CORREGIDA | J84: POSTVENTA CORREGIDA | K84: POSTVENTA CORREGIDA | L84: POSTVENTA CORREGIDA | M84: POSTVENTA CORREGIDA | N84: POSTVENTA CORREGIDA | O84: POSTVENTA CORREGIDA | P84: POSTVENTA CORREGIDA | Q84: POSTVENTA CORREGIDA | R84: POSTVENTA CORREGIDA | S84: POSTVENTA CORREGIDA | T84: POSTVENTA CORREGIDA | U84: POSTVENTA CORREGIDA | V84: POSTVENTA CORREGIDA | W84: POSTVENTA CORREGIDA | X84: POSTVENTA CORREGIDA | Y84: POSTVENTA CORREGIDA | Z84: POSTVENTA CORREGIDA | AA84: POSTVENTA CORREGIDA | AB84: POSTVENTA CORREGIDA | AC84: POSTVENTA CORREGIDA | AD84: POSTVENTA CORREGIDA | AE84: POSTVENTA CORREGIDA | AF84: POSTVENTA CORREGIDA | AG84: POSTVENTA CORREGIDA | AH84: POSTVENTA CORREGIDA | AI84: POSTVENTA CORREGIDA | AJ84: POSTVENTA CORREGIDA | AK84: POSTVENTA CORREGIDA | AL84: POSTVENTA CORREGIDA | AM84: POSTVENTA CORREGIDA | AN84: POSTVENTA CORREGIDA
B85: =+B84+1 -> 52 | C85: Tope de puerta | E85: TIENE POSTVENTA | F85: POSTVENTA CORREGIDA | G85: POSTVENTA CORREGIDA | H85: TIENE POSTVENTA | I85: POSTVENTA CORREGIDA | J85: POSTVENTA CORREGIDA | K85: POSTVENTA CORREGIDA | L85: POSTVENTA CORREGIDA | M85: POSTVENTA CORREGIDA | N85: POSTVENTA CORREGIDA | O85: POSTVENTA CORREGIDA | P85: POSTVENTA CORREGIDA | Q85: POSTVENTA CORREGIDA | R85: POSTVENTA CORREGIDA | S85: POSTVENTA CORREGIDA | T85: POSTVENTA CORREGIDA | U85: POSTVENTA CORREGIDA | V85: POSTVENTA CORREGIDA | W85: POSTVENTA CORREGIDA | X85: POSTVENTA CORREGIDA | Y85: POSTVENTA CORREGIDA | Z85: POSTVENTA CORREGIDA | AA85: POSTVENTA CORREGIDA | AB85: POSTVENTA CORREGIDA | AC85: POSTVENTA CORREGIDA | AD85: POSTVENTA CORREGIDA | AE85: POSTVENTA CORREGIDA | AF85: POSTVENTA CORREGIDA | AG85: POSTVENTA CORREGIDA | AH85: POSTVENTA CORREGIDA | AI85: POSTVENTA CORREGIDA | AJ85: POSTVENTA CORREGIDA | AK85: POSTVENTA CORREGIDA | AL85: POSTVENTA CORREGIDA | AM85: POSTVENTA CORREGIDA | AN85: POSTVENTA CORREGIDA
B86: =+B85+1 -> 53 | C86: Luces | E86: TIENE POSTVENTA | F86: POSTVENTA CORREGIDA | G86: POSTVENTA CORREGIDA | H86: TIENE POSTVENTA | I86: POSTVENTA CORREGIDA | J86: POSTVENTA CORREGIDA | K86: POSTVENTA CORREGIDA | L86: POSTVENTA CORREGIDA | M86: POSTVENTA CORREGIDA | N86: POSTVENTA CORREGIDA | O86: POSTVENTA CORREGIDA | P86: POSTVENTA CORREGIDA | Q86: POSTVENTA CORREGIDA | R86: POSTVENTA CORREGIDA | S86: POSTVENTA CORREGIDA | T86: POSTVENTA CORREGIDA | U86: POSTVENTA CORREGIDA | V86: TIENE POSTVENTA | W86: POSTVENTA CORREGIDA | X86: POSTVENTA CORREGIDA | Y86: POSTVENTA CORREGIDA | Z86: POSTVENTA CORREGIDA | AA86: TIENE POSTVENTA | AB86: POSTVENTA CORREGIDA | AC86: POSTVENTA CORREGIDA | AD86: POSTVENTA CORREGIDA | AE86: POSTVENTA CORREGIDA | AF86: POSTVENTA CORREGIDA | AG86: POSTVENTA CORREGIDA | AH86: TIENE POSTVENTA | AI86: POSTVENTA CORREGIDA | AJ86: POSTVENTA CORREGIDA | AK86: POSTVENTA CORREGIDA | AL86: POSTVENTA CORREGIDA | AM86: POSTVENTA CORREGIDA | AN86: POSTVENTA CORREGIDA
B87: =+B86+1 -> 54 | C87: Tomas | E87: TIENE POSTVENTA | F87: POSTVENTA CORREGIDA | G87: POSTVENTA CORREGIDA | H87: TIENE POSTVENTA | I87: POSTVENTA CORREGIDA | J87: POSTVENTA CORREGIDA | K87: POSTVENTA CORREGIDA | L87: POSTVENTA CORREGIDA | M87: POSTVENTA CORREGIDA | N87: TIENE POSTVENTA | O87: POSTVENTA CORREGIDA | P87: POSTVENTA CORREGIDA | Q87: POSTVENTA CORREGIDA | R87: POSTVENTA CORREGIDA | S87: POSTVENTA CORREGIDA | T87: POSTVENTA CORREGIDA | U87: POSTVENTA CORREGIDA | V87: POSTVENTA CORREGIDA | W87: POSTVENTA CORREGIDA | X87: POSTVENTA CORREGIDA | Y87: POSTVENTA CORREGIDA | Z87: POSTVENTA CORREGIDA | AA87: POSTVENTA CORREGIDA | AB87: POSTVENTA CORREGIDA | AC87: POSTVENTA CORREGIDA | AD87: POSTVENTA CORREGIDA | AE87: POSTVENTA CORREGIDA | AF87: POSTVENTA CORREGIDA | AG87: POSTVENTA CORREGIDA | AH87: POSTVENTA CORREGIDA | AI87: POSTVENTA CORREGIDA | AJ87: POSTVENTA CORREGIDA | AK87: POSTVENTA CORREGIDA | AL87: POSTVENTA CORREGIDA | AM87: POSTVENTA CORREGIDA | AN87: POSTVENTA CORREGIDA
B88: =+B87+1 -> 55 | C88: Switches | E88: TIENE POSTVENTA | F88: POSTVENTA CORREGIDA | G88: POSTVENTA CORREGIDA | H88: TIENE POSTVENTA | I88: POSTVENTA CORREGIDA | J88: POSTVENTA CORREGIDA | K88: POSTVENTA CORREGIDA | L88: POSTVENTA CORREGIDA | M88: POSTVENTA CORREGIDA | N88: POSTVENTA CORREGIDA | O88: POSTVENTA CORREGIDA | P88: POSTVENTA CORREGIDA | Q88: POSTVENTA CORREGIDA | R88: POSTVENTA CORREGIDA | S88: POSTVENTA CORREGIDA | T88: POSTVENTA CORREGIDA | U88: POSTVENTA CORREGIDA | V88: POSTVENTA CORREGIDA | W88: POSTVENTA CORREGIDA | X88: POSTVENTA CORREGIDA | Y88: POSTVENTA CORREGIDA | Z88: POSTVENTA CORREGIDA | AA88: POSTVENTA CORREGIDA | AB88: POSTVENTA CORREGIDA | AC88: POSTVENTA CORREGIDA | AD88: POSTVENTA CORREGIDA | AE88: POSTVENTA CORREGIDA | AF88: POSTVENTA CORREGIDA | AG88: POSTVENTA CORREGIDA | AH88: POSTVENTA CORREGIDA | AI88: POSTVENTA CORREGIDA | AJ88: POSTVENTA CORREGIDA | AK88: POSTVENTA CORREGIDA | AL88: POSTVENTA CORREGIDA | AM88: POSTVENTA CORREGIDA | AN88: POSTVENTA CORREGIDA
B89: =+B88+1 -> 56 | C89: Punto de Voz y datos/tv | E89: TIENE POSTVENTA | F89: POSTVENTA CORREGIDA | G89: POSTVENTA CORREGIDA | H89: TIENE POSTVENTA | I89: POSTVENTA CORREGIDA | J89: POSTVENTA CORREGIDA | K89: POSTVENTA CORREGIDA | L89: POSTVENTA CORREGIDA | M89: POSTVENTA CORREGIDA | N89: POSTVENTA CORREGIDA | O89: POSTVENTA CORREGIDA | P89: POSTVENTA CORREGIDA | Q89: POSTVENTA CORREGIDA | R89: POSTVENTA CORREGIDA | S89: POSTVENTA CORREGIDA | T89: POSTVENTA CORREGIDA | U89: POSTVENTA CORREGIDA | V89: POSTVENTA CORREGIDA | W89: POSTVENTA CORREGIDA | X89: POSTVENTA CORREGIDA | Y89: POSTVENTA CORREGIDA | Z89: POSTVENTA CORREGIDA | AA89: POSTVENTA CORREGIDA | AB89: POSTVENTA CORREGIDA | AC89: POSTVENTA CORREGIDA | AD89: POSTVENTA CORREGIDA | AE89: POSTVENTA CORREGIDA | AF89: POSTVENTA CORREGIDA | AG89: POSTVENTA CORREGIDA | AH89: POSTVENTA CORREGIDA | AI89: POSTVENTA CORREGIDA | AJ89: POSTVENTA CORREGIDA | AK89: POSTVENTA CORREGIDA | AL89: POSTVENTA CORREGIDA | AM89: POSTVENTA CORREGIDA | AN89: POSTVENTA CORREGIDA
B90: =+B89+1 -> 57 | C90: Puertaventana Corrediza | E90: TIENE POSTVENTA | F90: POSTVENTA CORREGIDA | G90: POSTVENTA CORREGIDA | H90: TIENE POSTVENTA | I90: POSTVENTA CORREGIDA | J90: POSTVENTA CORREGIDA | K90: POSTVENTA CORREGIDA | L90: POSTVENTA CORREGIDA | M90: POSTVENTA CORREGIDA | N90: POSTVENTA CORREGIDA | O90: POSTVENTA CORREGIDA | P90: POSTVENTA CORREGIDA | Q90: POSTVENTA CORREGIDA | R90: POSTVENTA CORREGIDA | S90: POSTVENTA CORREGIDA | T90: POSTVENTA CORREGIDA | U90: POSTVENTA CORREGIDA | V90: POSTVENTA CORREGIDA | W90: TIENE POSTVENTA | X90: POSTVENTA CORREGIDA | Y90: POSTVENTA CORREGIDA | Z90: POSTVENTA CORREGIDA | AA90: POSTVENTA CORREGIDA | AB90: POSTVENTA CORREGIDA | AC90: POSTVENTA CORREGIDA | AD90: POSTVENTA CORREGIDA | AE90: POSTVENTA CORREGIDA | AF90: POSTVENTA CORREGIDA | AG90: POSTVENTA CORREGIDA | AH90: POSTVENTA CORREGIDA | AI90: POSTVENTA CORREGIDA | AJ90: POSTVENTA CORREGIDA | AK90: POSTVENTA CORREGIDA | AL90: POSTVENTA CORREGIDA | AM90: POSTVENTA CORREGIDA | AN90: TIENE POSTVENTA
B91: =+B90+1 -> 58 | C91: Ventanas fijas | E91: TIENE POSTVENTA | F91: POSTVENTA CORREGIDA | G91: POSTVENTA CORREGIDA | H91: TIENE POSTVENTA | I91: POSTVENTA CORREGIDA | J91: POSTVENTA CORREGIDA | K91: POSTVENTA CORREGIDA | L91: POSTVENTA CORREGIDA | M91: POSTVENTA CORREGIDA | N91: POSTVENTA CORREGIDA | O91: POSTVENTA CORREGIDA | P91: POSTVENTA CORREGIDA | Q91: POSTVENTA CORREGIDA | R91: TIENE POSTVENTA | S91: POSTVENTA CORREGIDA | T91: POSTVENTA CORREGIDA | U91: POSTVENTA CORREGIDA | V91: POSTVENTA CORREGIDA | W91: POSTVENTA CORREGIDA | X91: POSTVENTA CORREGIDA | Y91: POSTVENTA CORREGIDA | Z91: POSTVENTA CORREGIDA | AA91: POSTVENTA CORREGIDA | AB91: POSTVENTA CORREGIDA | AC91: POSTVENTA CORREGIDA | AD91: POSTVENTA CORREGIDA | AE91: POSTVENTA CORREGIDA | AF91: POSTVENTA CORREGIDA | AG91: POSTVENTA CORREGIDA | AH91: POSTVENTA CORREGIDA | AI91: POSTVENTA CORREGIDA | AJ91: POSTVENTA CORREGIDA | AK91: POSTVENTA CORREGIDA | AL91: POSTVENTA CORREGIDA | AM91: POSTVENTA CORREGIDA | AN91: POSTVENTA CORREGIDA
B92: =+B91+1 -> 59 | C92: Redes Aire Acondicionado | E92: TIENE POSTVENTA | F92: POSTVENTA CORREGIDA | G92: POSTVENTA CORREGIDA | H92: TIENE POSTVENTA | I92: POSTVENTA CORREGIDA | J92: POSTVENTA CORREGIDA | K92: POSTVENTA CORREGIDA | L92: POSTVENTA CORREGIDA | M92: POSTVENTA CORREGIDA | N92: POSTVENTA CORREGIDA | O92: POSTVENTA CORREGIDA | P92: POSTVENTA CORREGIDA | Q92: POSTVENTA CORREGIDA | R92: POSTVENTA CORREGIDA | S92: POSTVENTA CORREGIDA | T92: POSTVENTA CORREGIDA | U92: POSTVENTA CORREGIDA | V92: POSTVENTA CORREGIDA | W92: POSTVENTA CORREGIDA | X92: POSTVENTA CORREGIDA | Y92: POSTVENTA CORREGIDA | Z92: POSTVENTA CORREGIDA | AA92: POSTVENTA CORREGIDA | AB92: POSTVENTA CORREGIDA | AC92: POSTVENTA CORREGIDA | AD92: POSTVENTA CORREGIDA | AE92: POSTVENTA CORREGIDA | AF92: POSTVENTA CORREGIDA | AG92: POSTVENTA CORREGIDA | AH92: POSTVENTA CORREGIDA | AI92: POSTVENTA CORREGIDA | AJ92: POSTVENTA CORREGIDA | AK92: POSTVENTA CORREGIDA | AL92: POSTVENTA CORREGIDA | AM92: POSTVENTA CORREGIDA | AN92: POSTVENTA CORREGIDA
B93: =+B92+1 -> 60 | C93: Drenaje AA | E93: TIENE POSTVENTA | F93: POSTVENTA CORREGIDA | G93: POSTVENTA CORREGIDA | H93: TIENE POSTVENTA | I93: POSTVENTA CORREGIDA | J93: POSTVENTA CORREGIDA | K93: POSTVENTA CORREGIDA | L93: POSTVENTA CORREGIDA | M93: POSTVENTA CORREGIDA | N93: POSTVENTA CORREGIDA | O93: POSTVENTA CORREGIDA | P93: POSTVENTA CORREGIDA | Q93: POSTVENTA CORREGIDA | R93: POSTVENTA CORREGIDA | S93: POSTVENTA CORREGIDA | T93: POSTVENTA CORREGIDA | U93: POSTVENTA CORREGIDA | V93: POSTVENTA CORREGIDA | W93: POSTVENTA CORREGIDA | X93: POSTVENTA CORREGIDA | Y93: POSTVENTA CORREGIDA | Z93: POSTVENTA CORREGIDA | AA93: POSTVENTA CORREGIDA | AB93: POSTVENTA CORREGIDA | AC93: POSTVENTA CORREGIDA | AD93: POSTVENTA CORREGIDA | AE93: POSTVENTA CORREGIDA | AF93: POSTVENTA CORREGIDA | AG93: POSTVENTA CORREGIDA | AH93: POSTVENTA CORREGIDA | AI93: POSTVENTA CORREGIDA | AJ93: POSTVENTA CORREGIDA | AK93: POSTVENTA CORREGIDA | AL93: POSTVENTA CORREGIDA | AM93: POSTVENTA CORREGIDA | AN93: POSTVENTA CORREGIDA
B94: =+B93+1 -> 61 | C94: Piso | E94: TIENE POSTVENTA | F94: POSTVENTA CORREGIDA | G94: POSTVENTA CORREGIDA | H94: TIENE POSTVENTA | I94: POSTVENTA CORREGIDA | J94: POSTVENTA CORREGIDA | K94: POSTVENTA CORREGIDA | L94: TIENE POSTVENTA | M94: POSTVENTA CORREGIDA | N94: POSTVENTA CORREGIDA | O94: TIENE POSTVENTA | P94: POSTVENTA CORREGIDA | Q94: POSTVENTA CORREGIDA | R94: POSTVENTA CORREGIDA | S94: POSTVENTA CORREGIDA | T94: POSTVENTA CORREGIDA | U94: POSTVENTA CORREGIDA | V94: POSTVENTA CORREGIDA | W94: POSTVENTA CORREGIDA | X94: POSTVENTA CORREGIDA | Y94: POSTVENTA CORREGIDA | Z94: POSTVENTA CORREGIDA | AA94: POSTVENTA CORREGIDA | AB94: POSTVENTA CORREGIDA | AC94: POSTVENTA CORREGIDA | AD94: POSTVENTA CORREGIDA | AE94: POSTVENTA CORREGIDA | AF94: POSTVENTA CORREGIDA | AG94: POSTVENTA CORREGIDA | AH94: TIENE POSTVENTA | AI94: POSTVENTA CORREGIDA | AJ94: TIENE POSTVENTA | AK94: TIENE POSTVENTA | AL94: POSTVENTA CORREGIDA | AM94: POSTVENTA CORREGIDA | AN94: POSTVENTA CORREGIDA
B95: =+B94+1 -> 62 | C95: Guardaescobas | E95: TIENE POSTVENTA | F95: POSTVENTA CORREGIDA | G95: POSTVENTA CORREGIDA | H95: TIENE POSTVENTA | I95: POSTVENTA CORREGIDA | J95: POSTVENTA CORREGIDA | K95: POSTVENTA CORREGIDA | L95: POSTVENTA CORREGIDA | M95: POSTVENTA CORREGIDA | N95: POSTVENTA CORREGIDA | O95: POSTVENTA CORREGIDA | P95: POSTVENTA CORREGIDA | Q95: POSTVENTA CORREGIDA | R95: POSTVENTA CORREGIDA | S95: POSTVENTA CORREGIDA | T95: POSTVENTA CORREGIDA | U95: POSTVENTA CORREGIDA | V95: POSTVENTA CORREGIDA | W95: POSTVENTA CORREGIDA | X95: POSTVENTA CORREGIDA | Y95: POSTVENTA CORREGIDA | Z95: POSTVENTA CORREGIDA | AA95: POSTVENTA CORREGIDA | AB95: POSTVENTA CORREGIDA | AC95: POSTVENTA CORREGIDA | AD95: POSTVENTA CORREGIDA | AE95: POSTVENTA CORREGIDA | AF95: POSTVENTA CORREGIDA | AG95: POSTVENTA CORREGIDA | AH95: POSTVENTA CORREGIDA | AI95: POSTVENTA CORREGIDA | AJ95: POSTVENTA CORREGIDA | AK95: POSTVENTA CORREGIDA | AL95: POSTVENTA CORREGIDA | AM95: POSTVENTA CORREGIDA | AN95: POSTVENTA CORREGIDA
... B99: =+B98+1 -> 66 | C99: Muros | E99: TIENE POSTVENTA | F99: POSTVENTA CORREGIDA | G99: POSTVENTA CORREGIDA | H99: TIENE POSTVENTA | I99: POSTVENTA CORREGIDA | J99: POSTVENTA CORREGIDA | K99: POSTVENTA CORREGIDA | L99: TIENE POSTVENTA | M99: POSTVENTA CORREGIDA | N99: POSTVENTA CORREGIDA | O99: TIENE POSTVENTA | P99: POSTVENTA CORREGIDA | Q99: POSTVENTA CORREGIDA | R99: TIENE POSTVENTA | S99: POSTVENTA CORREGIDA | T99: TIENE POSTVENTA | U99: TIENE POSTVENTA | V99: POSTVENTA CORREGIDA | W99: TIENE POSTVENTA | X99: POSTVENTA CORREGIDA | Y99: TIENE POSTVENTA | Z99: TIENE POSTVENTA | AA99: POSTVENTA CORREGIDA | AB99: POSTVENTA CORREGIDA | AC99: POSTVENTA CORREGIDA | AD99: POSTVENTA CORREGIDA | AE99: POSTVENTA CORREGIDA | AF99: TIENE POSTVENTA | AG99: POSTVENTA CORREGIDA | AH99: TIENE POSTVENTA | AI99: TIENE POSTVENTA | AJ99: POSTVENTA CORREGIDA | AK99: POSTVENTA CORREGIDA | AL99: POSTVENTA CORREGIDA | AM99: POSTVENTA CORREGIDA | AN99: POSTVENTA CORREGIDA
A100: BAÑO ALCOBA PPAL | B100: =+ B99+1 -> 67 | C100: Lavamano | E100: TIENE POSTVENTA | F100: POSTVENTA CORREGIDA | G100: POSTVENTA CORREGIDA | H100: TIENE POSTVENTA | I100: POSTVENTA CORREGIDA | J100: POSTVENTA CORREGIDA | K100: POSTVENTA CORREGIDA | L100: POSTVENTA CORREGIDA | M100: POSTVENTA CORREGIDA | N100: POSTVENTA CORREGIDA | O100: POSTVENTA CORREGIDA | P100: POSTVENTA CORREGIDA | Q100: POSTVENTA CORREGIDA | R100: POSTVENTA CORREGIDA | S100: POSTVENTA CORREGIDA | T100: POSTVENTA CORREGIDA | U100: POSTVENTA CORREGIDA | V100: POSTVENTA CORREGIDA | W100: POSTVENTA CORREGIDA | X100: POSTVENTA CORREGIDA | Y100: POSTVENTA CORREGIDA | Z100: POSTVENTA CORREGIDA | AA100: POSTVENTA CORREGIDA | AB100: POSTVENTA CORREGIDA | AC100: POSTVENTA CORREGIDA | AD100: POSTVENTA CORREGIDA | AE100: POSTVENTA CORREGIDA | AF100: POSTVENTA CORREGIDA | AG100: POSTVENTA CORREGIDA | AH100: POSTVENTA CORREGIDA | AI100: POSTVENTA CORREGIDA | AJ100: POSTVENTA CORREGIDA | AK100: POSTVENTA CORREGIDA | AL100: POSTVENTA CORREGIDA | AM100: POSTVENTA CORREGIDA | AN100: POSTVENTA CORREGIDA
B101: =+ B100+1 -> 68 | C101: Sanitario | E101: TIENE POSTVENTA | F101: POSTVENTA CORREGIDA | G101: POSTVENTA CORREGIDA | H101: TIENE POSTVENTA | I101: POSTVENTA CORREGIDA | J101: POSTVENTA CORREGIDA | K101: POSTVENTA CORREGIDA | L101: POSTVENTA CORREGIDA | M101: POSTVENTA CORREGIDA | N101: POSTVENTA CORREGIDA | O101: POSTVENTA CORREGIDA | P101: POSTVENTA CORREGIDA | Q101: POSTVENTA CORREGIDA | R101: POSTVENTA CORREGIDA | S101: POSTVENTA CORREGIDA | T101: POSTVENTA CORREGIDA | U101: POSTVENTA CORREGIDA | V101: POSTVENTA CORREGIDA | W101: POSTVENTA CORREGIDA | X101: POSTVENTA CORREGIDA | Y101: POSTVENTA CORREGIDA | Z101: POSTVENTA CORREGIDA | AA101: POSTVENTA CORREGIDA | AB101: POSTVENTA CORREGIDA | AC101: POSTVENTA CORREGIDA | AD101: POSTVENTA CORREGIDA | AE101: POSTVENTA CORREGIDA | AF101: POSTVENTA CORREGIDA | AG101: POSTVENTA CORREGIDA | AH101: POSTVENTA CORREGIDA | AI101: POSTVENTA CORREGIDA | AJ101: POSTVENTA CORREGIDA | AK101: POSTVENTA CORREGIDA | AL101: POSTVENTA CORREGIDA | AM101: POSTVENTA CORREGIDA | AN101: POSTVENTA CORREGIDA
B102: =+ B101+1 -> 69 | C102: Sifon | E102: TIENE POSTVENTA | F102: POSTVENTA CORREGIDA | G102: POSTVENTA CORREGIDA | H102: TIENE POSTVENTA | I102: POSTVENTA CORREGIDA | J102: POSTVENTA CORREGIDA | K102: POSTVENTA CORREGIDA | L102: POSTVENTA CORREGIDA | M102: POSTVENTA CORREGIDA | N102: POSTVENTA CORREGIDA | O102: POSTVENTA CORREGIDA | P102: POSTVENTA CORREGIDA | Q102: POSTVENTA CORREGIDA | R102: POSTVENTA CORREGIDA | S102: POSTVENTA CORREGIDA | T102: POSTVENTA CORREGIDA | U102: POSTVENTA CORREGIDA | V102: POSTVENTA CORREGIDA | W102: POSTVENTA CORREGIDA | X102: POSTVENTA CORREGIDA | Y102: POSTVENTA CORREGIDA | Z102: POSTVENTA CORREGIDA | AA102: POSTVENTA CORREGIDA | AB102: POSTVENTA CORREGIDA | AC102: POSTVENTA CORREGIDA | AD102: POSTVENTA CORREGIDA | AE102: POSTVENTA CORREGIDA | AF102: POSTVENTA CORREGIDA | AG102: POSTVENTA CORREGIDA | AH102: POSTVENTA CORREGIDA | AI102: POSTVENTA CORREGIDA | AJ102: POSTVENTA CORREGIDA | AK102: POSTVENTA CORREGIDA | AL102: POSTVENTA CORREGIDA | AM102: POSTVENTA CORREGIDA | AN102: POSTVENTA CORREGIDA
B103: =+ B102+1 -> 70 | C103: Accesorios de bano | E103: TIENE POSTVENTA | F103: POSTVENTA CORREGIDA | G103: POSTVENTA CORREGIDA | H103: TIENE POSTVENTA | I103: POSTVENTA CORREGIDA | J103: POSTVENTA CORREGIDA | K103: POSTVENTA CORREGIDA | L103: POSTVENTA CORREGIDA | M103: POSTVENTA CORREGIDA | N103: POSTVENTA CORREGIDA | O103: POSTVENTA CORREGIDA | P103: POSTVENTA CORREGIDA | Q103: POSTVENTA CORREGIDA | R103: POSTVENTA CORREGIDA | S103: POSTVENTA CORREGIDA | T103: POSTVENTA CORREGIDA | U103: POSTVENTA CORREGIDA | V103: POSTVENTA CORREGIDA | W103: POSTVENTA CORREGIDA | X103: POSTVENTA CORREGIDA | Y103: POSTVENTA CORREGIDA | Z103: POSTVENTA CORREGIDA | AA103: POSTVENTA CORREGIDA | AB103: POSTVENTA CORREGIDA | AC103: POSTVENTA CORREGIDA | AD103: POSTVENTA CORREGIDA | AE103: POSTVENTA CORREGIDA | AF103: POSTVENTA CORREGIDA | AG103: POSTVENTA CORREGIDA | AH103: POSTVENTA CORREGIDA | AI103: POSTVENTA CORREGIDA | AJ103: POSTVENTA CORREGIDA | AK103: POSTVENTA CORREGIDA | AL103: POSTVENTA CORREGIDA | AM103: POSTVENTA CORREGIDA | AN103: POSTVENTA CORREGIDA
B104: =+ B103+1 -> 71 | C104: Enchape | E104: TIENE POSTVENTA | F104: POSTVENTA CORREGIDA | G104: POSTVENTA CORREGIDA | H104: TIENE POSTVENTA | I104: POSTVENTA CORREGIDA | J104: POSTVENTA CORREGIDA | K104: POSTVENTA CORREGIDA | L104: POSTVENTA CORREGIDA | M104: TIENE POSTVENTA | N104: POSTVENTA CORREGIDA | O104: POSTVENTA CORREGIDA | P104: POSTVENTA CORREGIDA | Q104: POSTVENTA CORREGIDA | R104: POSTVENTA CORREGIDA | S104: POSTVENTA CORREGIDA | T104: POSTVENTA CORREGIDA | U104: POSTVENTA CORREGIDA | V104: POSTVENTA CORREGIDA | W104: POSTVENTA CORREGIDA | X104: POSTVENTA CORREGIDA | Y104: POSTVENTA CORREGIDA | Z104: POSTVENTA CORREGIDA | AA104: POSTVENTA CORREGIDA | AB104: POSTVENTA CORREGIDA | AC104: POSTVENTA CORREGIDA | AD104: POSTVENTA CORREGIDA | AE104: POSTVENTA CORREGIDA | AF104: POSTVENTA CORREGIDA | AG104: POSTVENTA CORREGIDA | AH104: POSTVENTA CORREGIDA | AI104: POSTVENTA CORREGIDA | AJ104: POSTVENTA CORREGIDA | AK104: POSTVENTA CORREGIDA | AL104: POSTVENTA CORREGIDA | AM104: POSTVENTA CORREGIDA | AN104: POSTVENTA CORREGIDA
B105: =+ B104+1 -> 72 | C105: Estado de Muro | E105: TIENE POSTVENTA | F105: POSTVENTA CORREGIDA | G105: POSTVENTA CORREGIDA | H105: TIENE POSTVENTA | I105: POSTVENTA CORREGIDA | J105: POSTVENTA CORREGIDA | K105: POSTVENTA CORREGIDA | L105: POSTVENTA CORREGIDA | M105: POSTVENTA CORREGIDA | N105: POSTVENTA CORREGIDA | O105: POSTVENTA CORREGIDA | P105: POSTVENTA CORREGIDA | Q105: POSTVENTA CORREGIDA | R105: POSTVENTA CORREGIDA | S105: POSTVENTA CORREGIDA | T105: POSTVENTA CORREGIDA | U105: POSTVENTA CORREGIDA | V105: TIENE POSTVENTA | W105: POSTVENTA CORREGIDA | X105: POSTVENTA CORREGIDA | Y105: POSTVENTA CORREGIDA | Z105: POSTVENTA CORREGIDA | AA105: POSTVENTA CORREGIDA | AB105: POSTVENTA CORREGIDA | AC105: POSTVENTA CORREGIDA | AD105: POSTVENTA CORREGIDA | AE105: POSTVENTA CORREGIDA | AF105: POSTVENTA CORREGIDA | AG105: POSTVENTA CORREGIDA | AH105: TIENE POSTVENTA | AI105: POSTVENTA CORREGIDA | AJ105: POSTVENTA CORREGIDA | AK105: POSTVENTA CORREGIDA | AL105: POSTVENTA CORREGIDA | AM105: POSTVENTA CORREGIDA | AN105: POSTVENTA CORREGIDA
B106: =+ B105+1 -> 73 | C106: Piso | E106: TIENE POSTVENTA | F106: POSTVENTA CORREGIDA | G106: POSTVENTA CORREGIDA | H106: TIENE POSTVENTA | I106: POSTVENTA CORREGIDA | J106: POSTVENTA CORREGIDA | K106: POSTVENTA CORREGIDA | L106: POSTVENTA CORREGIDA | M106: POSTVENTA CORREGIDA | N106: POSTVENTA CORREGIDA | O106: POSTVENTA CORREGIDA | P106: POSTVENTA CORREGIDA | Q106: POSTVENTA CORREGIDA | R106: POSTVENTA CORREGIDA | S106: POSTVENTA CORREGIDA | T106: TIENE POSTVENTA | U106: POSTVENTA CORREGIDA | V106: POSTVENTA CORREGIDA | W106: POSTVENTA CORREGIDA | X106: POSTVENTA CORREGIDA | Y106: POSTVENTA CORREGIDA | Z106: POSTVENTA CORREGIDA | AA106: POSTVENTA CORREGIDA | AB106: POSTVENTA CORREGIDA | AC106: POSTVENTA CORREGIDA | AD106: POSTVENTA CORREGIDA | AE106: POSTVENTA CORREGIDA | AF106: POSTVENTA CORREGIDA | AG106: POSTVENTA CORREGIDA | AH106: POSTVENTA CORREGIDA | AI106: POSTVENTA CORREGIDA | AJ106: POSTVENTA CORREGIDA | AK106: POSTVENTA CORREGIDA | AL106: POSTVENTA CORREGIDA | AM106: POSTVENTA CORREGIDA | AN106: POSTVENTA CORREGIDA
B107: =+ B106+1 -> 74 | C107: Guardaescobas | E107: TIENE POSTVENTA | F107: POSTVENTA CORREGIDA | G107: POSTVENTA CORREGIDA | H107: TIENE POSTVENTA | I107: POSTVENTA CORREGIDA | J107: POSTVENTA CORREGIDA | K107: POSTVENTA CORREGIDA | L107: POSTVENTA CORREGIDA | M107: POSTVENTA CORREGIDA | N107: POSTVENTA CORREGIDA | O107: POSTVENTA CORREGIDA | P107: POSTVENTA CORREGIDA | Q107: POSTVENTA CORREGIDA | R107: POSTVENTA CORREGIDA | S107: POSTVENTA CORREGIDA | T107: POSTVENTA CORREGIDA | U107: POSTVENTA CORREGIDA | V107: POSTVENTA CORREGIDA | W107: POSTVENTA CORREGIDA | X107: POSTVENTA CORREGIDA | Y107: POSTVENTA CORREGIDA | Z107: POSTVENTA CORREGIDA | AA107: POSTVENTA CORREGIDA | AB107: POSTVENTA CORREGIDA | AC107: POSTVENTA CORREGIDA | AD107: POSTVENTA CORREGIDA | AE107: POSTVENTA CORREGIDA | AF107: POSTVENTA CORREGIDA | AG107: POSTVENTA CORREGIDA | AH107: POSTVENTA CORREGIDA | AI107: POSTVENTA CORREGIDA | AJ107: POSTVENTA CORREGIDA | AK107: POSTVENTA CORREGIDA | AL107: POSTVENTA CORREGIDA | AM107: POSTVENTA CORREGIDA | AN107: POSTVENTA CORREGIDA
B108: =+ B107+1 -> 75 | C108: Cielorasos | E108: TIENE POSTVENTA | F108: POSTVENTA CORREGIDA | G108: POSTVENTA CORREGIDA | H108: TIENE POSTVENTA | I108: POSTVENTA CORREGIDA | J108: POSTVENTA CORREGIDA | K108: POSTVENTA CORREGIDA | L108: POSTVENTA CORREGIDA | M108: POSTVENTA CORREGIDA | N108: POSTVENTA CORREGIDA | O108: POSTVENTA CORREGIDA | P108: POSTVENTA CORREGIDA | Q108: POSTVENTA CORREGIDA | R108: POSTVENTA CORREGIDA | S108: POSTVENTA CORREGIDA | T108: POSTVENTA CORREGIDA | U108: POSTVENTA CORREGIDA | V108: POSTVENTA CORREGIDA | W108: POSTVENTA CORREGIDA | X108: POSTVENTA CORREGIDA | Y108: POSTVENTA CORREGIDA | Z108: POSTVENTA CORREGIDA | AA108: POSTVENTA CORREGIDA | AB108: POSTVENTA CORREGIDA | AC108: POSTVENTA CORREGIDA | AD108: POSTVENTA CORREGIDA | AE108: POSTVENTA CORREGIDA | AF108: POSTVENTA CORREGIDA | AG108: POSTVENTA CORREGIDA | AH108: POSTVENTA CORREGIDA | AI108: POSTVENTA CORREGIDA | AJ108: POSTVENTA CORREGIDA | AK108: POSTVENTA CORREGIDA | AL108: POSTVENTA CORREGIDA | AM108: POSTVENTA CORREGIDA | AN108: POSTVENTA CORREGIDA
...

Sheet OBSERVACIONES
B4: Item | C4: DETALLES | D4: CASA #02 | E4: CASA #03 | F4: CASA #4 | G4: CASA #05 | H4: CASA #07 | I4: CASA #11 | J4: CASA #12 | K4: CASA #14 | L4: CASA #15 | M4: CASA #17 | N4: CASA #18 | O4: CASA #19 | P4: CASA #21 | Q4: CASA #22 | R4: CASA #23 | S4: CASA #24 | T4: CASA #25 | U4: CASA #26 | V4: CASA #27 | W4: CASA #28 | X4: CASA #29 | Y4: CASA #30 | Z4: CASA #31 | AA4: CASA #32 | AB4: CASA #33 | AC4: CASA #35 | AD4: CASA #36 | AE4: CASA #37 | AF4: CASA #38 | AG4: CASA #40 | AH4: CASA #42 | AI4: CASA #43 | AJ4: CASA #44 | AK4: CASA #45 | AL4: CASA #46 | AM4: CASA #47
A5: SALA COMEDOR | B5: 1 | C5: Puerta en madera acceso p/pal | D5: NO ENTREGADO | E5: OK | F5: OK | G5: NO ENTREGADO | H5: OK | I5: OK | J5: OK | K5: OK | L5: OK | M5: DETALLE CAMBIO | N5: OK | O5: OK | P5: DETALLE FIJADO | Q5: DETALLE CAMBIO | R5: OK | S5: OK | T5: OK | U5: OK | V5: OK | W5: OK | X5: OK | Y5: OK | Z5: OK | AA5: OK | AB5: OK | AC5: OK | AD5: DETALLE FIJADO | AE5: OK | AF5: OK | AG5: DETALLAR PUERTA | AH5: OK | AI5: OK | AJ5: OK | AK5: OK | AL5: OK | AM5: DETALLE CAMBIO
B6: 2 | C6: Cerradura Puerta Principal con llaves | D6: NO ENTREGADO | E6: OK | F6: OK | G6: NO ENTREGADO | H6: OK | I6: OK | J6: OK | K6: OK | L6: OK | M6: OK | N6: OK | O6: OK | P6: OK | Q6: OK | R6: OK | S6: OK | T6: OK | U6: OK | V6: OK | W6: OK | X6: OK | Y6: OK | Z6: OK | AA6: OK | AB6: OK | AC6: OK | AD6: OK | AE6: OK | AF6: OK | AG6: OK | AH6: OK | AI6: OK | AJ6: OK | AK6: OK | AL6: OK | AM6: OK
B7: 3 | C7: Tope de puerta | D7: NO ENTREGADO | E7: OK | F7: OK | G7: NO ENTREGADO | H7: OK | I7: OK | J7: OK | K7: OK | L7: OK | M7: OK | N7: OK | O7: OK | P7: OK | Q7: OK | R7: OK | S7: OK | T7: OK | U7: OK | V7: OK | W7: OK | X7: OK | Y7: OK | Z7: OK | AA7: OK | AB7: OK | AC7: OK | AD7: OK | AE7: OK | AF7: OK | AG7: OK | AH7: OK | AI7: OK | AJ7: OK | AK7: OK | AL7: OK | AM7: OK
B8: 4 | C8: Timbre | D8: NO ENTREGADO | E8: OK | F8: OK | G8: NO ENTREGADO | H8: OK | I8: OK | J8: OK | K8: OK | L8: OK | M8: OK | N8: OK | O8: OK | P8: OK | Q8: OK | R8: OK | S8: OK | T8: OK | U8: OK | V8: OK | W8: OK | X8: OK | Y8: OK | Z8: OK | AA8: OK | AB8: OK | AC8: OK | AD8: OK | AE8: OK | AF8: OK | AG8: OK | AH8: OK | AI8: OK | AJ8: OK | AK8: OK | AL8: OK | AM8: OK
B9: 5 | C9: Luces | D9: NO ENTREGADO | E9: OK | F9: OK | G9: NO ENTREGADO | H9: OK | I9: OK | J9: OK | K9: OK | L9: OK | M9: OK | N9: OK | O9: OK | P9: OK | Q9: OK | R9: OK | S9: OK | T9: OK | U9: OK | V9: OK | W9: OK | X9: OK | Y9: OK | Z9: OK | AA9: OK | AB9: OK | AC9: OK | AD9: OK | AE9: OK | AF9: OK | AG9: OK | AH9: OK | AI9: OK | AJ9: OK | AK9: OK | AL9: OK | AM9: OK
B10: 6 | C10: Tomas | D10: NO ENTREGADO | E10: OK | F10: OK | G10: NO ENTREGADO | H10: OK | I10: OK | J10: OK | K10: OK | L10: OK | M10: OK | N10: OK | O10: OK | P10: OK | Q10: OK | R10: OK | S10: OK | T10: OK | U10: OK | V10: OK | W10: OK | X10: OK | Y10: OK | Z10: OK | AA10: OK | AB10: OK | AC10: OK | AD10: OK | AE10: OK | AF10: OK | AG10: OK | AH10: OK | AI10: OK | AJ10: OK | AK10: OK | AL10: OK | AM10: OK
B11: 7 | C11: Switches | D11: NO ENTREGADO | E11: OK | F11: OK | G11: NO ENTREGADO | H11: OK | I11: OK | J11: OK | K11: OK | L11: OK | M11: OK | N11: OK | O11: OK | P11: OK | Q11: OK | R11: OK | S11: OK | T11: OK | U11: OK | V11: OK | W11: OK | X11: OK | Y11: OK | Z11: OK | AA11: OK | AB11: OK | AC11: OK | AD11: OK | AE11: OK | AF11: OK | AG11: OK | AH11: OK | AI11: OK | AJ11: OK | AK11: OK | AL11: OK | AM11: OK
B12: 8 | C12: Cableado de Citofono | D12: NO ENTREGADO | E12: OK | F12: OK | G12: NO ENTREGADO | H12: OK | I12: OK | J12: OK | K12: OK | L12: OK | M12: OK | N12: OK | O12: OK | P12: OK | Q12: OK | R12: OK | S12: OK | T12: OK | U12: OK | V12: OK | W12: OK | X12: OK | Y12: OK | Z12: OK | AA12: OK | AB12: OK | AC12: OK | AD12: OK | AE12: OK | AF12: OK | AG12: OK | AH12: OK | AI12: OK | AJ12: OK | AK12: OK | AL12: OK | AM12: OK
B13: 9 | C13: Punto de Voz y datos/tv | D13: NO ENTREGADO | E13: OK | F13: OK | G13: NO ENTREGADO | H13: OK | I13: OK | J13: OK | K13: OK | L13: OK | M13: OK | N13: OK | O13: OK | P13: OK | Q13: OK | R13: OK | S13: OK | T13: OK | U13: OK | V13: OK | W13: OK | X13: OK | Y13: OK | Z13: OK | AA13: OK | AB13: OK | AC13: OK | AD13: OK | AE13: OK | AF13: OK | AG13: OK | AH13: OK | AI13: OK | AJ13: OK | AK13: OK | AL13: OK | AM13: OK
B14: 10 | C14: Tablero Electrico | D14: NO ENTREGADO | E14: OK | F14: OK | G14: NO ENTREGADO | H14: OK | I14: OK | J14: OK | K14: OK | L14: OK | M14: OK | N14: OK | O14: OK | P14: OK | Q14: OK | R14: OK | S14: OK | T14: OK | U14: OK | V14: OK | W14: OK | X14: OK | Y14: OK | Z14: OK | AA14: OK | AB14: OK | AC14: OK | AD14: OK | AE14: OK | AF14: OK | AG14: DETALLE TORNILLOS | AH14: OK | AI14: OK | AJ14: OK | AK14: OK | AL14: OK | AM14: OK
B15: 11 | C15: Cuñas | D15: NO ENTREGADO | E15: OK | F15: OK | G15: NO ENTREGADO | H15: OK | I15: OK | J15: OK | K15: OK | L15: OK | M15: OK | N15: OK | O15: OK | P15: OK | Q15: OK | R15: OK | S15: OK | T15: OK | U15: OK | V15: OK | W15: OK | X15: OK | Y15: OK | Z15: OK | AA15: OK | AB15: OK | AC15: OK | AD15: OK | AE15: OK | AF15: OK | AG15: OK | AH15: OK | AI15: OK | AJ15: OK | AK15: OK | AL15: OK | AM15: OK
B16: 12 | C16: Puertaventana Corrediza | D16: NO ENTREGADO | E16: OK | F16: OK | G16: NO ENTREGADO | H16: OK | I16: OK | J16: OK | K16: OK | L16: OK | M16: OK | N16: OK | O16: OK | P16: OK | Q16: OK | R16: OK | S16: OK | T16: OK | U16: OK | V16: OK | W16: OK | X16: OK | Y16: OK | Z16: OK | AA16: DETALLE FIJAADO | AB16: OK | AC16: OK | AD16: OK | AE16: OK | AF16: OK | AG16: OK | AH16: OK | AI16: OK | AJ16: OK | AK16: OK | AL16: OK | AM16: OK
B17: 13 | C17: Ventanas fijas | D17: NO ENTREGADO | E17: OK | F17: OK | G17: NO ENTREGADO | H17: OK | I17: OK | J17: OK | K17: OK | L17: OK | M17: OK | N17: OK | O17: OK | P17: OK | Q17: DETALLE CAMBIO | R17: OK | S17: OK | T17: OK | U17: OK | V17: OK | W17: OK | X17: OK | Y17: OK | Z17: OK | AA17: OK | AB17: OK | AC17: OK | AD17: OK | AE17: OK | AF17: OK | AG17: OK | AH17: OK | AI17: OK | AJ17: OK | AK17: OK | AL17: OK | AM17: OK
... B23: 19 | C23: Muros | D23: NO ENTREGADO | E23: OK | F23: OK | G23: NO ENTREGADO | H23: OK | I23: OK | J23: OK | K23: DETALLE PINTURA ESTUCO | L23: OK | M23: OK | N23: OK | O23: OK | P23: DETALLES MURO EXTERIOR | Q23: OK | R23: OK | S23: DETALLE HUMEDAD | T23: DETALLE HUMEDAD | U23: DETALLE PINTURA Y ESTUCO | V23: DETALLE PINTURA Y ESTUCO | W23: DETALLE PINTURA | X23: DETALLE PINTURA | Y23: OK | Z23: OK | AA23: OK | AB23: OK | AC23: OK | AD23: OK | AE23: DETALLE PINTURA | AF23: OK | AG23: OK | AH23: DETALLE PINTURA | AI23: OK | AJ23: DETALLE PINTURAS | AK23: OK | AL23: OK | AM23: OK
A24: COCINA | B24: 20 | C24: Luces | D24: NO ENTREGADO | E24: OK | F24: OK | G24: NO ENTREGADO | H24: OK | I24: OK | J24: OK | K24: OK | L24: OK | M24: OK | N24: OK | O24: OK | P24: OK | Q24: OK | R24: OK | S24: OK | T24: OK | U24: OK | V24: OK | W24: OK | X24: OK | Y24: OK | Z24: OK | AA24: OK | AB24: OK | AC24: OK | AD24: OK | AE24: OK | AF24: OK | AG24: OK | AH24: OK | AI24: OK | AJ24: OK | AK24: OK | AL24: OK | AM24: OK
B25: 21 | C25: Switches | D25: NO ENTREGADO | E25: OK | F25: OK | G25: NO ENTREGADO | H25: OK | I25: OK | J25: OK | K25: OK | L25: OK | M25: OK | N25: OK | O25: OK | P25: OK | Q25: OK | R25: OK | S25: OK | T25: OK | U25: OK | V25: OK | W25: OK | X25: OK | Y25: OK | Z25: OK | AA25: OK | AB25: OK | AC25: OK | AD25: OK | AE25: OK | AF25: OK | AG25: OK | AH25: OK | AI25: OK | AJ25: OK | AK25: OK | AL25: OK | AM25: OK
B26: 22 | C26: Extractor | D26: NO ENTREGADO | E26: OK | F26: OK | G26: NO ENTREGADO | H26: OK | I26: OK | J26: OK | K26: OK | L26: OK | M26: OK | N26: OK | O26: OK | P26: OK | Q26: OK | R26: OK | S26: OK | T26: OK | U26: OK | V26: OK | W26: OK | X26: OK | Y26: OK | Z26: OK | AA26: OK | AB26: OK | AC26: OK | AD26: OK | AE26: OK | AF26: OK | AG26: OK | AH26: OK | AI26: OK | AJ26: OK | AK26: OK | AL26: OK | AM26: OK
B27: 23 | C27: Griferias | D27: NO ENTREGADO | E27: OK | F27: OK | G27: NO ENTREGADO | H27: OK | I27: OK | J27: OK | K27: OK | L27: OK | M27: OK | N27: OK | O27: OK | P27: OK | Q27: OK | R27: OK | S27: OK | T27: OK | U27: OK | V27: OK | W27: OK | X27: OK | Y27: OK | Z27: OK | AA27: OK | AB27: OK | AC27: OK | AD27: OK | AE27: OK | AF27: OK | AG27: OK | AH27: OK | AI27: OK | AJ27: OK | AK27: OK | AL27: DETALLE CAMBIO | AM27: OK
B28: 24 | C28: Lavaplatos | D28: NO ENTREGADO | E28: OK | F28: OK | G28: NO ENTREGADO | H28: OK | I28: OK | J28: OK | K28: OK | L28: OK | M28: OK | N28: OK | O28: OK | P28: OK | Q28: OK | R28: OK | S28: OK | T28: OK | U28: OK | V28: OK | W28: OK | X28: OK | Y28: OK | Z28: OK | AA28: OK | AB28: OK | AC28: OK | AD28: OK | AE28: OK | AF28: OK | AG28: DETALLE SILICONA Y CONEXIÓN | AH28: OK | AI28: OK | AJ28: OK | AK28: OK | AL28: OK | AM28: OK
B29: 25 | C29: mesón | D29: NO ENTREGADO | E29: OK | F29: OK | G29: NO ENTREGADO | H29: OK | I29: OK | J29: OK | K29: OK | L29: OK | M29: OK | N29: OK | O29: OK | P29: OK | Q29: OK | R29: OK | S29: OK | T29: OK | U29: OK | V29: OK | W29: OK | X29: OK | Y29: OK | Z29: OK | AA29: OK | AB29: OK | AC29: OK | AD29: OK | AE29: OK | AF29: OK | AG29: OK | AH29: OK | AI29: OK | AJ29: OK | AK29: OK | AL29: OK | AM29: OK
B30: 26 | C30: salpicadero | D30: NO ENTREGADO | E30: OK | F30: OK | G30: NO ENTREGADO | H30: OK | I30: OK | J30: OK | K30: OK | L30: OK | M30: OK | N30: OK | O30: OK | P30: OK | Q30: OK | R30: OK | S30: OK | T30: OK | U30: OK | V30: DETALLE LIMPIEZA | W30: OK | X30: OK | Y30: OK | Z30: OK | AA30: OK | AB30: OK | AC30: OK | AD30: OK | AE30: OK | AF30: OK | AG30: OK | AH30: OK | AI30: OK | AJ30: OK | AK30: OK | AL30: OK | AM30: OK
B31: 27 | C31: mueble inferior | D31: NO ENTREGADO | E31: OK | F31: OK | G31: NO ENTREGADO | H31: OK | I31: OK | J31: OK | K31: OK | L31: OK | M31: OK | N31: DETALLE PUERTAS | O31: OK | P31: OK | Q31: OK | R31: OK | S31: OK | T31: OK | U31: OK | V31: OK | W31: OK | X31: OK | Y31: OK | Z31: OK | AA31: DETALLE PUERTAS | AB31: OK | AC31: OK | AD31: OK | AE31: OK | AF31: OK | AG31: DETALLE PUERTAS | AH31: OK | AI31: DETALLE PUERTAS | AJ31: OK | AK31: OK | AL31: OK | AM31: OK
B32: 28 | C32: mueble superior | D32: NO ENTREGADO | E32: OK | F32: OK | G32: NO ENTREGADO | H32: OK | I32: OK | J32: OK | K32: OK | L32: OK | M32: OK | N32: DETALLE PUERTAS | O32: OK | P32: DETALLES PUERTAS | Q32: OK | R32: OK | S32: OK | T32: OK | U32: OK | V32: DETALLE PUERTAS | W32: OK | X32: OK | Y32: OK | Z32: OK | AA32: OK | AB32: OK | AC32: OK | AD32: OK | AE32: OK | AF32: OK | AG32: OK | AH32: OK | AI32: OK | AJ32: OK | AK32: OK | AL32: OK | AM32: OK
B33: 29 | C33: Enchape | D33: NO ENTREGADO | E33: OK | F33: OK | G33: NO ENTREGADO | H33: OK | I33: OK | J33: OK | K33: OK | L33: OK | M33: OK | N33: OK | O33: OK | P33: OK | Q33: OK | R33: OK | S33: OK | T33: OK | U33: OK | V33: OK | W33: OK | X33: OK | Y33: OK | Z33: OK | AA33: OK | AB33: OK | AC33: OK | AD33: OK | AE33: OK | AF33: OK | AG33: OK | AH33: OK | AI33: OK | AJ33: OK | AK33: OK | AL33: OK | AM33: OK
B34: 30 | C34: Estado de Muro | D34: NO ENTREGADO | E34: OK | F34: OK | G34: NO ENTREGADO | H34: OK | I34: OK | J34: OK | K34: OK | L34: OK | M34: OK | N34: OK | O34: OK | P34: OK | Q34: OK | R34: OK | S34: DETALLE HUMEDAD | T34: DETALLE HUMEDAD | U34: OK | V34: OK | W34: OK | X34: OK | Y34: DETALLE PINTURA | Z34: OK | AA34: OK | AB34: OK | AC34: OK | AD34: OK | AE34: DETALLE PINTURA | AF34: OK | AG34: OK | AH34: OK | AI34: OK | AJ34: OK | AK34: OK | AL34: OK | AM34: OK
B35: 31 | C35: Piso | D35: NO ENTREGADO | E35: OK | F35: OK | G35: NO ENTREGADO | H35: OK | I35: OK | J35: OK | K35: OK | L35: OK | M35: OK | N35: OK | O35: OK | P35: OK | Q35: OK | R35: OK | S35: OK | T35: OK | U35: OK | V35: DETALLE BALDOSAS | W35: OK | X35: OK | Y35: OK | Z35: OK | AA35: OK | AB35: OK | AC35: OK | AD35: DETALLE CERAMICA | AE35: OK | AF35: OK | AG35: DETALLE JUNTAS | AH35: OK | AI35: OK | AJ35: OK | AK35: OK | AL35: OK | AM35: OK
B36: 32 | C36: Guardaescobas | D36: NO ENTREGADO | E36: OK | F36: OK | G36: NO ENTREGADO | H36: OK | I36: OK | J36: OK | K36: OK | L36: OK | M36: OK | N36: OK | O36: OK | P36: OK | Q36: OK | R36: OK | S36: OK | T36: OK | U36: OK | V36: OK | W36: OK | X36: OK | Y36: OK | Z36: OK | AA36: OK | AB36: OK | AC36: OK | AD36: OK | AE36: OK | AF36: OK | AG36: OK | AH36: OK | AI36: OK | AJ36: OK | AK36: OK | AL36: OK | AM36: OK
... B38: 34 | C38: Tapavalvulas | D38: NO ENTREGADO | E38: OK | F38: OK | G38: NO ENTREGADO | H38: OK | I38: OK | J38: OK | K38: OK | L38: OK | M38: OK | N38: OK | O38: OK | P38: OK | Q38: OK | R38: OK | S38: OK | T38: OK | U38: OK | V38: OK | W38: OK | X38: OK | Y38: OK | Z38: OK | AA38: OK | AB38: OK | AC38: OK | AD38: OK | AE38: OK | AF38: OK | AG38: OK | AH38: OK | AI38: OK | AJ38: OK | AK38: OK | AL38: OK | AM38: OK
A39: ZONA LABORES | B39: 35 | C39: Luces | D39: NO ENTREGADO | E39: OK | F39: OK | G39: NO ENTREGADO | H39: OK | I39: OK | J39: OK | K39: OK | L39: OK | M39: OK | N39: OK | O39: OK | P39: OK | Q39: OK | R39: OK | S39: OK | T39: OK | U39: OK | V39: OK | W39: OK | X39: OK | Y39: OK | Z39: OK | AA39: OK | AB39: OK | AC39: OK | AD39: OK | AE39: OK | AF39: OK | AG39: OK | AH39: OK | AI39: OK | AJ39: OK | AK39: OK | AL39: OK | AM39: OK
B40: 36 | C40: Switches | D40: NO ENTREGADO | E40: OK | F40: OK | G40: NO ENTREGADO | H40: OK | I40: OK | J40: OK | K40: OK | L40: OK | M40: OK | N40: OK | O40: OK | P40: OK | Q40: OK | R40: OK | S40: OK | T40: OK | U40: OK | V40: OK | W40: OK | X40: OK | Y40: OK | Z40: OK | AA40: OK | AB40: OK | AC40: OK | AD40: OK | AE40: OK | AF40: OK | AG40: OK | AH40: OK | AI40: OK | AJ40: OK | AK40: OK | AL40: OK | AM40: OK
B41: 37 | C41: Griferias | D41: NO ENTREGADO | E41: OK | F41: OK | G41: NO ENTREGADO | H41: OK | I41: OK | J41: OK | K41: OK | L41: OK | M41: OK | N41: OK | O41: OK | P41: OK | Q41: OK | R41: OK | S41: OK | T41: OK | U41: OK | V41: OK | W41: OK | X41: OK | Y41: OK | Z41: OK | AA41: OK | AB41: OK | AC41: OK | AD41: DETALLE ARREGLO | AE41: OK | AF41: OK | AG41: OK | AH41: OK | AI41: OK | AJ41: OK | AK41: OK | AL41: OK | AM41: OK
B42: 38 | C42: Lavadero | D42: NO ENTREGADO | E42: OK | F42: OK | G42: NO ENTREGADO | H42: OK | I42: OK | J42: OK | K42: OK | L42: OK | M42: OK | N42: DETALLE DE LLAVE | O42: OK | P42: OK | Q42: OK | R42: OK | S42: OK | T42: OK | U42: OK | V42: OK | W42: OK | X42: OK | Y42: OK | Z42: OK | AA42: OK | AB42: OK | AC42: OK | AD42: OK | AE42: OK | AF42: OK | AG42: DETALLE BOQUILLA | AH42: OK | AI42: OK | AJ42: OK | AK42: OK | AL42: OK | AM42: OK
B43: 39 | C43: Enchape | D43: NO ENTREGADO | E43: OK | F43: OK | G43: NO ENTREGADO | H43: OK | I43: OK | J43: OK | K43: OK | L43: OK | M43: OK | N43: OK | O43: OK | P43: OK | Q43: OK | R43: OK | S43: OK | T43: OK | U43: OK | V43: OK | W43: OK | X43: OK | Y43: OK | Z43: OK | AA43: OK | AB43: OK | AC43: OK | AD43: OK | AE43: OK | AF43: OK | AG43: OK | AH43: OK | AI43: OK | AJ43: OK | AK43: OK | AL43: OK | AM43: OK
B44: 40 | C44: Estado de Muro | D44: NO ENTREGADO | E44: OK | F44: OK | G44: NO ENTREGADO | H44: OK | I44: OK | J44: OK | K44: OK | L44: OK | M44: OK | N44: OK | O44: OK | P44: OK | Q44: OK | R44: OK | S44: DETALLE HUMEDAD | T44: DETALLE HUMEDAD | U44: OK | V44: DETALLE PINTURA Y ESTUCO | W44: OK | X44: OK | Y44: DETALLE PINTURA | Z44: OK | AA44: OK | AB44: OK | AC44: OK | AD44: OK | AE44: DETALLE PINTURA | AF44: OK | AG44: OK | AH44: OK | AI44: OK | AJ44: OK | AK44: OK | AL44: OK | AM44: DETALLE PINTURA
B45: 41 | C45: Piso | D45: NO ENTREGADO | E45: OK | F45: OK | G45: NO ENTREGADO | H45: DETALLE BALDOSA | I45: OK | J45: OK | K45: OK | L45: OK | M45: OK | N45: OK | O45: OK | P45: OK | Q45: OK | R45: OK | S45: OK | T45: OK | U45: OK | V45: OK | W45: OK | X45: OK | Y45: OK | Z45: OK | AA45: DETALLE BALDOSAS | AB45: OK | AC45: OK | AD45: OK | AE45: OK | AF45: OK | AG45: DETALLE BOQUILLA | AH45: OK | AI45: OK | AJ45: OK | AK45: OK | AL45: OK | AM45: OK
B46: 42 | C46: Guardaescobas | D46: NO ENTREGADO | E46: OK | F46: OK | G46: NO ENTREGADO | H46: OK | I46: OK | J46: OK | K46: OK | L46: OK | M46: OK | N46: OK | O46: OK | P46: OK | Q46: OK | R46: OK | S46: OK | T46: OK | U46: OK | V46: OK | W46: OK | X46: OK | Y46: OK | Z46: OK | AA46: OK | AB46: OK | AC46: OK | AD46: OK | AE46: OK | AF46: OK | AG46: OK | AH46: OK | AI46: OK | AJ46: OK | AK46: OK | AL46: OK | AM46: OK
B47: 43 | C47: Cielorasos | D47: NO ENTREGADO | E47: OK | F47: OK | G47: NO ENTREGADO | H47: OK | I47: OK | J47: OK | K47: OK | L47: OK | M47: OK | N47: OK | O47: OK | P47: OK | Q47: OK | R47: OK | S47: OK | T47: OK | U47: OK | V47: DETALLE FILTRACION | W47: OK | X47: OK | Y47: OK | Z47: OK | AA47: OK | AB47: OK | AC47: OK | AD47: OK | AE47: OK | AF47: OK | AG47: OK | AH47: OK | AI47: OK | AJ47: OK | AK47: OK | AL47: OK | AM47: OK
B48: 44 | C48: Tapavalvulas | D48: NO ENTREGADO | E48: OK | F48: OK | G48: NO ENTREGADO | H48: OK | I48: OK | J48: OK | K48: OK | L48: OK | M48: OK | N48: OK | O48: OK | P48: OK | Q48: OK | R48: OK | S48: OK | T48: OK | U48: OK | V48: OK | W48: OK | X48: OK | Y48: OK | Z48: OK | AA48: OK | AB48: OK | AC48: OK | AD48: OK | AE48: OK | AF48: OK | AG48: OK | AH48: OK | AI48: OK | AJ48: OK | AK48: OK | AL48: OK | AM48: OK
A49: BAÑO SOCIAL | B49: 45 | C49: Puerta | D49: NO ENTREGADO | E49: OK | F49: OK | G49: NO ENTREGADO | H49: OK | I49: OK | J49: OK | K49: OK | L49: OK | M49: OK | N49: OK | O49: DETALLE CAMBIO | P49: OK | Q49: OK | R49: OK | S49: OK | T49: DETALLE MARCO | U49: OK | V49: OK | W49: OK | X49: OK | Y49: OK | Z49: OK | AA49: OK | AB49: OK | AC49: OK | AD49: OK | AE49: OK | AF49: OK | AG49: OK | AH49: OK | AI49: OK | AJ49: OK | AK49: OK | AL49: OK | AM49: OK
B50: 46 | C50: Cerradura | D50: NO ENTREGADO | E50: OK | F50: OK | G50: NO ENTREGADO | H50: OK | I50: OK | J50: OK | K50: OK | L50: OK | M50: OK | N50: OK | O50: OK | P50: OK | Q50: OK | R50: OK | S50: OK | T50: OK | U50: OK | V50: OK | W50: OK | X50: OK | Y50: OK | Z50: OK | AA50: OK | AB50: OK | AC50: OK | AD50: OK | AE50: OK | AF50: OK | AG50: OK | AH50: OK | AI50: OK | AJ50: OK | AK50: OK | AL50: OK | AM50: OK
B51: 47 | C51: Luces | D51: NO ENTREGADO | E51: OK | F51: OK | G51: NO ENTREGADO | H51: OK | I51: OK | J51: OK | K51: OK | L51: OK | M51: OK | N51: OK | O51: OK | P51: OK | Q51: OK | R51: OK | S51: OK | T51: OK | U51: OK | V51: OK | W51: OK | X51: OK | Y51: OK | Z51: OK | AA51: OK | AB51: OK | AC51: OK | AD51: OK | AE51: OK | AF51: OK | AG51: OK | AH51: OK | AI51: OK | AJ51: OK | AK51: OK | AL51: OK | AM51: OK
B52: 48 | C52: Switches | D52: NO ENTREGADO | E52: OK | F52: OK | G52: NO ENTREGADO | H52: OK | I52: OK | J52: OK | K52: OK | L52: OK | M52: OK | N52: OK | O52: OK | P52: OK | Q52: OK | R52: OK | S52: OK | T52: OK | U52: OK | V52: OK | W52: OK | X52: OK | Y52: OK | Z52: OK | AA52: OK | AB52: OK | AC52: OK | AD52: OK | AE52: OK | AF52: OK | AG52: OK | AH52: OK | AI52: OK | AJ52: OK | AK52: OK | AL52: OK | AM52: OK
B53: 49 | C53: Extractor | D53: NO ENTREGADO | E53: OK | F53: OK | G53: NO ENTREGADO | H53: OK | I53: OK | J53: OK | K53: OK | L53: OK | M53: OK | N53: OK | O53: OK | P53: OK | Q53: OK | R53: OK | S53: OK | T53: OK | U53: OK | V53: OK | W53: OK | X53: OK | Y53: OK | Z53: OK | AA53: OK | AB53: OK | AC53: OK | AD53: OK | AE53: OK | AF53: OK | AG53: OK | AH53: OK | AI53: OK | AJ53: OK | AK53: OK | AL53: OK | AM53: OK
B54: 50 | C54: Espejo | D54: NO ENTREGADO | E54: OK | F54: OK | G54: NO ENTREGADO | H54: OK | I54: OK | J54: OK | K54: OK | L54: OK | M54: OK | N54: OK | O54: OK | P54: OK | Q54: OK | R54: OK | S54: OK | T54: OK | U54: OK | V54: OK | W54: OK | X54: OK | Y54: OK | Z54: OK | AA54: OK | AB54: OK | AC54: OK | AD54: OK | AE54: OK | AF54: OK | AG54: OK | AH54: OK | AI54: OK | AJ54: OK | AK54: OK | AL54: OK | AM54: OK
B55: 51 | C55: Mueble de Bano | D55: NO ENTREGADO | E55: OK | F55: OK | G55: NO ENTREGADO | H55: OK | I55: OK | J55: OK | K55: OK | L55: OK | M55: OK | N55: OK | O55: OK | P55: OK | Q55: OK | R55: OK | S55: OK | T55: OK | U55: OK | V55: OK | W55: OK | X55: OK | Y55: OK | Z55: OK | AA55: OK | AB55: OK | AC55: OK | AD55: OK | AE55: OK | AF55: OK | AG55: DETALLE FIJADO | AH55: OK | AI55: OK | AJ55: OK | AK55: OK | AL55: OK | AM55: OK
B56: 52 | C56: Griferias | D56: NO ENTREGADO | E56: OK | F56: OK | G56: NO ENTREGADO | H56: OK | I56: OK | J56: OK | K56: OK | L56: OK | M56: OK | N56: OK | O56: OK | P56: OK | Q56: OK | R56: OK | S56: OK | T56: OK | U56: OK | V56: OK | W56: OK | X56: OK | Y56: OK | Z56: OK | AA56: OK | AB56: OK | AC56: OK | AD56: OK | AE56: OK | AF56: OK | AG56: OK | AH56: OK | AI56: OK | AJ56: OK | AK56: OK | AL56: OK | AM56: OK
B57: 53 | C57: Lavamano | D57: NO ENTREGADO | E57: OK | F57: OK | G57: NO ENTREGADO | H57: OK | I57: OK | J57: OK | K57: OK | L57: OK | M57: OK | N57: OK | O57: OK | P57: OK | Q57: OK | R57: OK | S57: OK | T57: OK | U57: OK | V57: OK | W57: OK | X57: OK | Y57: OK | Z57: OK | AA57: OK | AB57: OK | AC57: OK | AD57: OK | AE57: OK | AF57: OK | AG57: OK | AH57: OK | AI57: OK | AJ57: OK | AK57: OK | AL57: OK | AM57: OK
B58: 54 | C58: Sanitario | D58: NO ENTREGADO | E58: OK | F58: OK | G58: NO ENTREGADO | H58: OK | I58: OK | J58: OK | K58: OK | L58: OK | M58: OK | N58: OK | O58: OK | P58: OK | Q58: OK | R58: OK | S58: OK | T58: OK | U58: OK | V58: OK | W58: OK | X58: OK | Y58: OK | Z58: OK | AA58: OK | AB58: OK | AC58: OK | AD58: OK | AE58: OK | AF58: OK | AG58: OK | AH58: OK | AI58: OK | AJ58: OK | AK58: OK | AL58: OK | AM58: OK
B59: 55 | C59: Sifon | D59: NO ENTREGADO | E59: OK | F59: OK | G59: NO ENTREGADO | H59: OK | I59: OK | J59: OK | K59: OK | L59: OK | M59: OK | N59: OK | O59: OK | P59: OK | Q59: OK | R59: OK | S59: OK | T59: OK | U59: OK | V59: OK | W59: OK | X59: OK | Y59: OK | Z59: OK | AA59: OK | AB59: OK | AC59: OK | AD59: OK | AE59: OK | AF59: OK | AG59: OK | AH59: OK | AI59: OK | AJ59: OK | AK59: OK | AL59: OK | AM59: OK
B60: 56 | C60: Accesorios de bano | D60: NO ENTREGADO | E60: OK | F60: OK | G60: NO ENTREGADO | H60: OK | I60: OK | J60: OK | K60: OK | L60: OK | M60: OK | N60: OK | O60: OK | P60: OK | Q60: OK | R60: OK | S60: OK | T60: OK | U60: OK | V60: OK | W60: OK | X60: OK | Y60: OK | Z60: OK | AA60: OK | AB60: OK | AC60: OK | AD60: OK | AE60: OK | AF60: OK | AG60: DETALLE COMPRAS | AH60: OK | AI60: OK | AJ60: OK | AK60: OK | AL60: OK | AM60: OK
B61: 57 | C61: Enchape | D61: NO ENTREGADO | E61: OK | F61: OK | G61: NO ENTREGADO | H61: OK | I61: OK | J61: OK | K61: OK | L61: OK | M61: OK | N61: OK | O61: OK | P61: OK | Q61: OK | R61: OK | S61: OK | T61: OK | U61: OK | V61: OK | W61: OK | X61: OK | Y61: OK | Z61: OK | AA61: OK | AB61: OK | AC61: OK | AD61: OK | AE61: OK | AF61: OK | AG61: OK | AH61: OK | AI61: OK | AJ61: OK | AK61: OK | AL61: OK | AM61: OK
... B66: 62 | C66: Tapavalvulas | D66: NO ENTREGADO | E66: OK | F66: OK | G66: NO ENTREGADO | H66: OK | I66: OK | J66: OK | K66: OK | L66: OK | M66: OK | N66: OK | O66: OK | P66: OK | Q66: OK | R66: OK | S66: OK | T66: OK | U66: OK | V66: OK | W66: OK | X66: OK | Y66: OK | Z66: OK | AA66: OK | AB66: OK | AC66: OK | AD66: OK | AE66: OK | AF66: OK | AG66: OK | AH66: OK | AI66: OK | AJ66: OK | AK66: OK | AL66: OK | AM66: OK
A67: BALCON | B67: 63 | C67: Luces | D67: NO ENTREGADO | E67: OK | F67: OK | G67: NO ENTREGADO | H67: OK | I67: OK | J67: OK | K67: OK | L67: OK | M67: OK | N67: OK | O67: OK | P67: OK | Q67: OK | R67: OK | S67: OK | T67: OK | U67: OK | V67: OK | W67: OK | X67: OK | Y67: OK | Z67: OK | AA67: OK | AB67: OK | AC67: OK | AD67: OK | AE67: OK | AF67: OK | AG67: OK | AH67: OK | AI67: OK | AJ67: OK | AK67: OK | AL67: OK | AM67: OK
B68: 64 | C68: Piso | D68: NO ENTREGADO | E68: OK | F68: OK | G68: NO ENTREGADO | H68: OK | I68: OK | J68: OK | K68: OK | L68: OK | M68: OK | N68: OK | O68: OK | P68: OK | Q68: OK | R68: OK | S68: OK | T68: OK | U68: OK | V68: OK | W68: OK | X68: OK | Y68: OK | Z68: OK | AA68: OK | AB68: OK | AC68: OK | AD68: OK | AE68: OK | AF68: OK | AG68: OK | AH68: OK | AI68: OK | AJ68: OK | AK68: OK | AL68: OK | AM68: OK
B69: 65 | C69: Guardaescobas | D69: NO ENTREGADO | E69: OK | F69: OK | G69: NO ENTREGADO | H69: OK | I69: OK | J69: OK | K69: OK | L69: OK | M69: OK | N69: OK | O69: OK | P69: OK | Q69: OK | R69: OK | S69: OK | T69: OK | U69: OK | V69: OK | W69: OK | X69: OK | Y69: OK | Z69: OK | AA69: OK | AB69: OK | AC69: OK | AD69: OK | AE69: OK | AF69: OK | AG69: OK | AH69: OK | AI69: OK | AJ69: OK | AK69: OK | AL69: OK | AM69: OK
B70: 66 | C70: Muros | D70: NO ENTREGADO | E70: OK | F70: OK | G70: NO ENTREGADO | H70: OK | I70: OK | J70: OK | K70: OK | L70: OK | M70: OK | N70: OK | O70: OK | P70: OK | Q70: OK | R70: OK | S70: OK | T70: OK | U70: OK | V70: OK | W70: OK | X70: OK | Y70: DETALLE PINTURA | Z70: OK | AA70: OK | AB70: OK | AC70: OK | AD70: OK | AE70: OK | AF70: OK | AG70: DETALLE PINTURAS | AH70: OK | AI70: OK | AJ70: OK | AK70: OK | AL70: OK | AM70: OK
B71: 67 | C71: Cielorasos | D71: NO ENTREGADO | E71: OK | F71: OK | G71: NO ENTREGADO | H71: OK | I71: OK | J71: OK | K71: OK | L71: OK | M71: OK | N71: OK | O71: OK | P71: OK | Q71: OK | R71: OK | S71: OK | T71: DETALLE HUMEDAD | U71: OK | V71: OK | W71: OK | X71: OK | Y71: OK | Z71: OK | AA71: OK | AB71: OK | AC71: OK | AD71: OK | AE71: OK | AF71: OK | AG71: OK | AH71: OK | AI71: OK | AJ71: OK | AK71: OK | AL71: OK | AM71: OK
B72: 68 | C72: Barandas | D72: NO ENTREGADO | E72: OK | F72: OK | G72: NO ENTREGADO | H72: OK | I72: OK | J72: OK | K72: OK | L72: OK | M72: OK | N72: OK | O72: OK | P72: OK | Q72: OK | R72: OK | S72: OK | T72: OK | U72: OK | V72: OK | W72: OK | X72: OK | Y72: OK | Z72: OK | AA72: OK | AB72: OK | AC72: OK | AD72: OK | AE72: OK | AF72: OK | AG72: OK | AH72: OK | AI72: OK | AJ72: OK | AK72: OK | AL72: OK | AM72: OK
B73: 69 | C73: Pasamano de Barandas | D73: NO ENTREGADO | E73: OK | F73: OK | G73: NO ENTREGADO | H73: OK | I73: OK | J73: OK | K73: OK | L73: OK | M73: OK | N73: OK | O73: OK | P73: OK | Q73: OK | R73: OK | S73: OK | T73: OK | U73: OK | V73: OK | W73: OK | X73: OK | Y73: OK | Z73: OK | AA73: OK | AB73: OK | AC73: OK | AD73: OK | AE73: OK | AF73: OK | AG73: OK | AH73: OK | AI73: OK | AJ73: OK | AK73: OK | AL73: OK | AM73: OK
B74: 70 | C74: Poyo | D74: NO ENTREGADO | E74: OK | F74: OK | G74: NO ENTREGADO | H74: OK | I74: OK | J74: OK | K74: OK | L74: OK | M74: OK | N74: OK | O74: OK | P74: OK | Q74: OK | R74: OK | S74: OK | T74: OK | U74: OK | V74: OK | W74: OK | X74: OK | Y74: OK | Z74: OK | AA74: OK | AB74: OK | AC74: OK | AD74: OK | AE74: OK | AF74: OK | AG74: OK | AH74: OK | AI74: OK | AJ74: OK | AK74: OK | AL74: OK | AM74: OK
B75: 71 | C75: Rejillas de piso | D75: NO ENTREGADO | E75: OK | F75: OK | G75: NO ENTREGADO | H75: OK | I75: OK | J75: OK | K75: OK | L75: OK | M75: OK | N75: OK | O75: OK | P75: OK | Q75: OK | R75: OK | S75: OK | T75: OK | U75: OK | V75: OK | W75: OK | X75: OK | Y75: OK | Z75: OK | AA75: OK | AB75: OK | AC75: OK | AD75: OK | AE75: OK | AF75: OK | AG75: OK | AH75: OK | AI75: OK | AJ75: OK | AK75: OK | AL75: OK | AM75: OK
A76: BALCON A.A | B76: 72 | C76: Luces | D76: NO ENTREGADO | E76: OK | F76: OK | G76: NO ENTREGADO | H76: OK | I76: OK | J76: OK | K76: OK | L76: OK | M76: OK | N76: OK | O76: OK | P76: OK | Q76: OK | R76: OK | S76: OK | T76: OK | U76: OK | V76: OK | W76: OK | X76: OK | Y76: OK | Z76: OK | AA76: OK | AB76: OK | AC76: OK | AD76: OK | AE76: OK | AF76: OK | AG76: OK | AH76: OK | AI76: OK | AJ76: OK | AK76: OK | AL76: OK | AM76: OK
B77: 73 | C77: Pisos y plantillas | D77: NO ENTREGADO | E77: OK | F77: OK | G77: NO ENTREGADO | H77: OK | I77: OK | J77: OK | K77: OK | L77: OK | M77: OK | N77: OK | O77: OK | P77: OK | Q77: OK | R77: OK | S77: OK | T77: OK | U77: OK | V77: OK | W77: OK | X77: OK | Y77: OK | Z77: OK | AA77: OK | AB77: OK | AC77: OK | AD77: OK | AE77: OK | AF77: OK | AG77: OK | AH77: OK | AI77: OK | AJ77: OK | AK77: OK | AL77: OK | AM77: OK
B78: 74 | C78: Muros | D78: NO ENTREGADO | E78: OK | F78: PINTURAS | G78: NO ENTREGADO | H78: OK | I78: OK | J78: OK | K78: OK | L78: OK | M78: OK | N78: OK | O78: OK | P78: OK | Q78: OK | R78: OK | S78: OK | T78: OK | U78: DETALLE PINTURA Y ESTUCO | V78: OK | W78: OK | X78: OK | Y78: DETALLE PINTURA | Z78: OK | AA78: OK | AB78: OK | AC78: OK | AD78: OK | AE78: DETALLE PINTURA | AF78: OK | AG78: OK | AH78: OK | AI78: OK | AJ78: OK | AK78: OK | AL78: OK | AM78: DETALLE PINTURA
B79: 75 | C79: Cielorasos | D79: NO ENTREGADO | E79: OK | F79: OK | G79: NO ENTREGADO | H79: OK | I79: OK | J79: OK | K79: OK | L79: OK | M79: OK | N79: OK | O79: OK | P79: OK | Q79: OK | R79: OK | S79: OK | T79: DETALLE HUMEDAD | U79: OK | V79: DETALLE FILTRACION | W79: OK | X79: OK | Y79: OK | Z79: OK | AA79: OK | AB79: OK | AC79: OK | AD79: OK | AE79: OK | AF79: OK | AG79: OK | AH79: OK | AI79: OK | AJ79: OK | AK79: OK | AL79: OK | AM79: OK
B80: 76 | C80: rejillas balcon | D80: NO ENTREGADO | E80: OK | F80: OK | G80: NO ENTREGADO | H80: OK | I80: OK | J80: OK | K80: OK | L80: OK | M80: OK | N80: OK | O80: OK | P80: OK | Q80: OK | R80: OK | S80: OK | T80: OK | U80: OK | V80: OK | W80: OK | X80: OK | Y80: OK | Z80: OK | AA80: OK | AB80: OK | AC80: OK | AD80: OK | AE80: OK | AF80: OK | AG80: OK | AH80: OK | AI80: OK | AJ80: OK | AK80: OK | AL80: OK | AM80: OK
B81: 77 | C81: Pasamano de Barandas | D81: NO ENTREGADO | E81: OK | F81: DETALLE NIVEL | G81: NO ENTREGADO | H81: OK | I81: OK | J81: OK | K81: OK | L81: OK | M81: OK | N81: OK | O81: OK | P81: OK | Q81: OK | R81: OK | S81: OK | T81: OK | U81: OK | V81: OK | W81: OK | X81: OK | Y81: OK | Z81: OK | AA81: OK | AB81: OK | AC81: OK | AD81: DETALLE FIJADO | AE81: OK | AF81: OK | AG81: OK | AH81: OK | AI81: OK | AJ81: OK | AK81: OK | AL81: OK | AM81: OK
A82: HABITACIÓN PPAL | B82: 78 | C82: Puerta en madera | D82: NO ENTREGADO | E82: OK | F82: OK | G82: NO ENTREGADO | H82: DETALLE CAMBIO | I82: OK | J82: OK | K82: OK | L82: OK | M82: DETALLE CAMBIO | N82: OK | O82: OK | P82: OK | Q82: OK | R82: OK | S82: OK | T82: OK | U82: OK | V82: OK | W82: OK | X82: OK | Y82: OK | Z82: OK | AA82: DETALLE CAMBIO | AB82: OK | AC82: OK | AD82: DETALALR MARCO | AE82: OK | AF82: OK | AG82: OK | AH82: OK | AI82: OK | AJ82: OK | AK82: OK | AL82: OK | AM82: DETALLE CAMBIO
B83: 79 | C83: Cerradura | D83: NO ENTREGADO | E83: OK | F83: OK | G83: NO ENTREGADO | H83: OK | I83: OK | J83: OK | K83: OK | L83: OK | M83: OK | N83: OK | O83: OK | P83: OK | Q83: OK | R83: OK | S83: OK | T83: OK | U83: OK | V83: OK | W83: OK | X83: OK | Y83: OK | Z83: OK | AA83: OK | AB83: OK | AC83: OK | AD83: OK | AE83: OK | AF83: OK | AG83: OK | AH83: OK | AI83: OK | AJ83: OK | AK83: OK | AL83: OK | AM83: OK
B84: 80 | C84: Tope de puerta | D84: NO ENTREGADO | E84: OK | F84: OK | G84: NO ENTREGADO | H84: OK | I84: OK | J84: OK | K84: OK | L84: OK | M84: OK | N84: OK | O84: OK | P84: OK | Q84: OK | R84: OK | S84: OK | T84: OK | U84: OK | V84: OK | W84: OK | X84: OK | Y84: OK | Z84: OK | AA84: OK | AB84: OK | AC84: OK | AD84: OK | AE84: OK | AF84: OK | AG84: OK | AH84: OK | AI84: OK | AJ84: OK | AK84: OK | AL84: OK | AM84: OK
B85: 81 | C85: Luces | D85: NO ENTREGADO | E85: OK | F85: OK | G85: NO ENTREGADO | H85: OK | I85: OK | J85: OK | K85: OK | L85: OK | M85: OK | N85: OK | O85: OK | P85: OK | Q85: OK | R85: OK | S85: OK | T85: OK | U85: DETALLE CAMBIO | V85: OK | W85: OK | X85: OK | Y85: OK | Z85: DETALLE CAMBIO | AA85: OK | AB85: OK | AC85: OK | AD85: OK | AE85: OK | AF85: OK | AG85: DETALLES LUCES | AH85: OK | AI85: OK | AJ85: OK | AK85: OK | AL85: OK | AM85: OK
B86: 82 | C86: Tomas | D86: NO ENTREGADO | E86: OK | F86: OK | G86: NO ENTREGADO | H86: OK | I86: OK | J86: OK | K86: OK | L86: OK | M86: DDETALLE ACABADO | N86: OK | O86: OK | P86: OK | Q86: OK | R86: OK | S86: OK | T86: OK | U86: OK | V86: OK | W86: OK | X86: OK | Y86: OK | Z86: OK | AA86: OK | AB86: OK | AC86: OK | AD86: OK | AE86: OK | AF86: OK | AG86: OK | AH86: OK | AI86: OK | AJ86: OK | AK86: OK | AL86: OK | AM86: OK
B87: 83 | C87: Switches | D87: NO ENTREGADO | E87: OK | F87: OK | G87: NO ENTREGADO | H87: OK | I87: OK | J87: OK | K87: OK | L87: OK | M87: OK | N87: OK | O87: OK | P87: OK | Q87: OK | R87: OK | S87: OK | T87: OK | U87: OK | V87: OK | W87: OK | X87: OK | Y87: OK | Z87: OK | AA87: OK | AB87: OK | AC87: OK | AD87: OK | AE87: OK | AF87: OK | AG87: OK | AH87: OK | AI87: OK | AJ87: OK | AK87: OK | AL87: OK | AM87: OK
B88: 84 | C88: Punto de Voz y datos/tv | D88: NO ENTREGADO | E88: OK | F88: OK | G88: NO ENTREGADO | H88: OK | I88: OK | J88: OK | K88: OK | L88: OK | M88: OK | N88: OK | O88: OK | P88: OK | Q88: OK | R88: OK | S88: OK | T88: OK | U88: OK | V88: OK | W88: OK | X88: OK | Y88: OK | Z88: OK | AA88: OK | AB88: OK | AC88: OK | AD88: OK | AE88: OK | AF88: OK | AG88: OK | AH88: OK | AI88: OK | AJ88: OK | AK88: OK | AL88: OK | AM88: OK
B89: 85 | C89: Puertaventana Corrediza | D89: NO ENTREGADO | E89: OK | F89: OK | G89: NO ENTREGADO | H89: OK | I89: OK | J89: OK | K89: OK | L89: OK | M89: OK | N89: OK | O89: OK | P89: OK | Q89: OK | R89: OK | S89: OK | T89: OK | U89: OK | V89: DETALLE FIJADO | W89: OK | X89: OK | Y89: OK | Z89: OK | AA89: OK | AB89: OK | AC89: OK | AD89: OK | AE89: OK | AF89: OK | AG89: OK | AH89: OK | AI89: OK | AJ89: OK | AK89: OK | AL89: OK | AM89: DETALLE FIJADO
B90: 86 | C90: Ventanas fijas | D90: NO ENTREGADO | E90: OK | F90: OK | G90: NO ENTREGADO | H90: OK | I90: OK | J90: OK | K90: OK | L90: OK | M90: OK | N90: OK | O90: OK | P90: OK | Q90: DETALLE CAMBIO | R90: OK | S90: OK | T90: OK | U90: OK | V90: OK | W90: OK | X90: OK | Y90: OK | Z90: OK | AA90: OK | AB90: OK | AC90: OK | AD90: OK | AE90: OK | AF90: OK | AG90: OK | AH90: OK | AI90: OK | AJ90: OK | AK90: OK | AL90: OK | AM90: OK
B91: 87 | C91: Redes Aire Acondicionado | D91: NO ENTREGADO | E91: OK | F91: OK | G91: NO ENTREGADO | H91: OK | I91: OK | J91: OK | K91: OK | L91: OK | M91: OK | N91: OK | O91: OK | P91: OK | Q91: OK | R91: OK | S91: OK | T91: OK | U91: OK | V91: OK | W91: OK | X91: OK | Y91: OK | Z91: OK | AA91: OK | AB91: OK | AC91: OK | AD91: OK | AE91: OK | AF91: OK | AG91: OK | AH91: OK | AI91: OK | AJ91: OK | AK91: OK | AL91: OK | AM91: OK
B92: 88 | C92: Drenaje AA | D92: NO ENTREGADO | E92: OK | F92: OK | G92: NO ENTREGADO | H92: OK | I92: OK | J92: OK | K92: OK | L92: OK | M92: OK | N92: OK | O92: OK | P92: OK | Q92: OK | R92: OK | S92: OK | T92: OK | U92: OK | V92: OK | W92: OK | X92: OK | Y92: OK | Z92: OK | AA92: OK | AB92: OK | AC92: OK | AD92: OK | AE92: OK | AF92: OK | AG92: OK | AH92: OK | AI92: OK | AJ92: OK | AK92: OK | AL92: OK | AM92: OK
B93: 89 | C93: Piso | D93: NO ENTREGADO | E93: OK | F93: OK | G93: NO ENTREGADO | H93: OK | I93: OK | J93: OK | K93: DETALLE BALDOSA | L93: OK | M93: OK | N93: DETALLE BALDOSAS | O93: OK | P93: OK | Q93: OK | R93: OK | S93: OK | T93: OK | U93: OK | V93: OK | W93: OK | X93: OK | Y93: OK | Z93: OK | AA93: OK | AB93: OK | AC93: OK | AD93: OK | AE93: OK | AF93: OK | AG93: DETALLES JUNTAS | AH93: OK | AI93: DETALLE BALDOSAS | AJ93: DETALLE BALDOSAS | AK93: OK | AL93: OK | AM93: OK
B94: 90 | C94: Guardaescobas | D94: NO ENTREGADO | E94: OK | F94: OK | G94: NO ENTREGADO | H94: OK | I94: OK | J94: OK | K94: OK | L94: OK | M94: OK | N94: OK | O94: OK | P94: OK | Q94: OK | R94: OK | S94: OK | T94: OK | U94: OK | V94: OK | W94: OK | X94: OK | Y94: OK | Z94: OK | AA94: OK | AB94: OK | AC94: OK | AD94: OK | AE94: OK | AF94: OK | AG94: OK | AH94: OK | AI94: OK | AJ94: OK | AK94: OK | AL94: OK | AM94: OK
... B98: 94 | C98: Muros | D98: NO ENTREGADO | E98: OK | F98: OK | G98: NO ENTREGADO | H98: OK | I98: OK | J98: OK | K98: DETALEL PINTURA Y ESTUCO | L98: OK | M98: OK | N98: DETALLE PINTURA Y ESTUCOS | O98: OK | P98: OK | Q98: DETALLE HUMEDAD | R98: OK | S98: DETALLE HUMEDAD | T98: DETALLE HUMEDAD | U98: OK | V98: DETALLE PINTURA Y ESTUCO | W98: OK | X98: DETALLE PINTURA | Y98: DETALLE PINTURA | Z98: OK | AA98: OK | AB98: OK | AC98: OK | AD98: OK | AE98: DETALLE PINTURA | AF98: OK | AG98: DETALLES PINTURAS Y ESTUCO | AH98: DETALLE PINTURA | AI98: OK | AJ98: OK | AK98: OK | AL98: OK | AM98: OK
A99: BAÑO ALCOBA PPAL | B99: 95 | C99: Lavamano | D99: NO ENTREGADO | E99: OK | F99: OK | G99: NO ENTREGADO | H99: OK | I99: OK | J99: OK | K99: OK | L99: OK | M99: OK | N99: OK | O99: OK | P99: OK | Q99: OK | R99: OK | S99: OK | T99: OK | U99: OK | V99: OK | W99: OK | X99: OK | Y99: OK | Z99: OK | AA99: OK | AB99: OK | AC99: OK | AD99: OK | AE99: OK | AF99: OK | AG99: OK | AH99: OK | AI99: OK | AJ99: OK | AK99: OK | AL99: OK | AM99: OK
B100: 96 | C100: Sanitario | D100: NO ENTREGADO | E100: OK | F100: OK | G100: NO ENTREGADO | H100: OK | I100: OK | J100: OK | K100: OK | L100: OK | M100: OK | N100: OK | O100: OK | P100: OK | Q100: OK | R100: OK | S100: OK | T100: OK | U100: OK | V100: OK | W100: OK | X100: OK | Y100: OK | Z100: OK | AA100: OK | AB100: OK | AC100: OK | AD100: OK | AE100: OK | AF100: OK | AG100: OK | AH100: OK | AI100: OK | AJ100: OK | AK100: OK | AL100: OK | AM100: OK
B101: 97 | C101: Sifon | D101: NO ENTREGADO | E101: OK | F101: OK | G101: NO ENTREGADO | H101: OK | I101: OK | J101: OK | K101: OK | L101: OK | M101: OK | N101: OK | O101: OK | P101: OK | Q101: OK | R101: OK | S101: OK | T101: OK | U101: OK | V101: OK | W101: OK | X101: OK | Y101: OK | Z101: OK | AA101: OK | AB101: OK | AC101: OK | AD101: OK | AE101: OK | AF101: OK | AG101: OK | AH101: OK | AI101: OK | AJ101: OK | AK101: OK | AL101: OK | AM101: OK
B102: 98 | C102: Accesorios de bano | D102: NO ENTREGADO | E102: OK | F102: OK | G102: NO ENTREGADO | H102: OK | I102: OK | J102: OK | K102: OK | L102: OK | M102: OK | N102: OK | O102: OK | P102: OK | Q102: OK | R102: OK | S102: OK | T102: OK | U102: OK | V102: OK | W102: OK | X102: OK | Y102: OK | Z102: OK | AA102: OK | AB102: OK | AC102: OK | AD102: OK | AE102: OK | AF102: OK | AG102: OK | AH102: OK | AI102: OK | AJ102: OK | AK102: OK | AL102: OK | AM102: OK
B103: 99 | C103: Enchape | D103: NO ENTREGADO | E103: OK | F103: OK | G103: NO ENTREGADO | H103: OK | I103: OK | J103: OK | K103: OK | L103: DETALLE CAMBIO | M103: OK | N103: OK | O103: OK | P103: OK | Q103: OK | R103: OK | S103: OK | T103: OK | U103: OK | V103: OK | W103: OK | X103: OK | Y103: OK | Z103: OK | AA103: OK | AB103: OK | AC103: OK | AD103: OK | AE103: OK | AF103: OK | AG103: OK | AH103: OK | AI103: OK | AJ103: OK | AK103: OK | AL103: OK | AM103: OK
B104: 100 | C104: Estado de Muro | D104: NO ENTREGADO | E104: OK | F104: OK | G104: NO ENTREGADO | H104: OK | I104: OK | J104: OK | K104: OK | L104: OK | M104: OK | N104: OK | O104: OK | P104: OK | Q104: OK | R104: OK | S104: OK | T104: OK | U104: DETALLE PINTURA Y ESTUCO | V104: OK | W104: OK | X104: OK | Y104: OK | Z104: OK | AA104: OK | AB104: OK | AC104: OK | AD104: OK | AE104: OK | AF104: OK | AG104: DETALLE INCRUSTACIONES | AH104: OK | AI104: OK | AJ104: OK | AK104: OK | AL104: OK | AM104: OK
B105: 101 | C105: Piso | D105: NO ENTREGADO | E105: OK | F105: OK | G105: NO ENTREGADO | H105: OK | I105: OK | J105: OK | K105: OK | L105: OK | M105: OK | N105: OK | O105: OK | P105: OK | Q105: OK | R105: OK | S105: DETALLE DESNIVEL | T105: OK | U105: OK | V105: OK | W105: OK | X105: OK | Y105: OK | Z105: OK | AA105: OK | AB105: OK | AC105: OK | AD105: OK | AE105: OK | AF105: OK | AG105: OK | AH105: OK | AI105: OK | AJ105: OK | AK105: OK | AL105: OK | AM105: OK
B106: 102 | C106: Guardaescobas | D106: NO ENTREGADO | E106: OK | F106: OK | G106: NO ENTREGADO | H106: OK | I106: OK | J106: OK | K106: OK | L106: OK | M106: OK | N106: OK | O106: OK | P106: OK | Q106: OK | R106: OK | S106: OK | T106: OK | U106: OK | V106: OK | W106: OK | X106: OK | Y106: OK | Z106: OK | AA106: OK | AB106: OK | AC106: OK | AD106: OK | AE106: OK | AF106: OK | AG106: OK | AH106: OK | AI106: OK | AJ106: OK | AK106: OK | AL106: OK | AM106: OK
B107: 103 | C107: Cielorasos | D107: NO ENTREGADO | E107: OK | F107: OK | G107: NO ENTREGADO | H107: OK | I107: OK | J107: OK | K107: OK | L107: OK | M107: OK | N107: OK | O107: OK | P107: OK | Q107: OK | R107: OK | S107: OK | T107: OK | U107: OK | V107: OK | W107: OK | X107: OK | Y107: OK | Z107: OK | AA107: OK | AB107: OK | AC107: OK | AD107: OK | AE107: OK | AF107: OK | AG107: OK | AH107: OK | AI107: OK | AJ107: OK | AK107: OK | AL107: OK | AM107: OK
B108: 104 | C108: Ducha y griferia | D108: NO ENTREGADO | E108: OK | F108: OK | G108: NO ENTREGADO | H108: OK | I108: OK | J108: OK | K108: OK | L108: OK | M108: OK | N108: OK | O108: OK | P108: OK | Q108: OK | R108: OK | S108: OK | T108: OK | U108: OK | V108: OK | W108: OK | X108: OK | Y108: OK | Z108: OK | AA108: DETALLE CAMBIO | AB108: OK | AC108: OK | AD108: OK | AE108: OK | AF108: OK | AG108: OK | AH108: OK | AI108: OK | AJ108: OK | AK108: OK | AL108: OK | AM108: OK
B109: 105 | C109: División ducha | D109: NO ENTREGADO | E109: OK | F109: OK | G109: NO ENTREGADO | H109: OK | I109: OK | J109: OK | K109: OK | L109: OK | M109: OK | N109: OK | O109: OK | P109: OK | Q109: OK | R109: OK | S109: OK | T109: OK | U109: OK | V109: OK | W109: OK | X109: OK | Y109: OK | Z109: OK | AA109: OK | AB109: OK | AC109: OK | AD109: OK | AE109: OK | AF109: OK | AG109: OK | AH109: OK | AI109: OK | AJ109: OK | AK109: OK | AL109: OK | AM109: OK
B110: 106 | C110: Ventanas baño | D110: NO ENTREGADO | E110: OK | F110: OK | G110: NO ENTREGADO | H110: OK | I110: OK | J110: OK | K110: OK | L110: OK | M110: OK | N110: OK | O110: OK | P110: OK | Q110: OK | R110: OK | S110: OK | T110: OK | U110: OK | V110: OK | W110: OK | X110: OK | Y110: OK | Z110: OK | AA110: OK | AB110: OK | AC110: OK | AD110: OK | AE110: OK | AF110: OK | AG110: DETALLES FIJADO | AH110: OK | AI110: OK | AJ110: OK | AK110: OK | AL110: OK | AM110: DETALLE FIJADO
B111: 107 | C111: Tapavalvulas | D111: NO ENTREGADO | E111: OK | F111: OK | G111: NO ENTREGADO | H111: OK | I111: OK | J111: OK | K111: OK | L111: OK | M111: OK | N111: OK | O111: OK | P111: OK | Q111: OK | R111: OK | S111: OK | T111: OK | U111: OK | V111: OK | W111: OK | X111: OK | Y111: OK | Z111: OK | AA111: OK | AB111: OK | AC111: OK | AD111: OK | AE111: OK | AF111: OK | AG111: OK | AH111: OK | AI111: OK | AJ111: OK | AK111: OK | AL111: OK | AM111: OK
A112: HABITACIÓN 1 | B112: 108 | C112: Puerta en madera | D112: NO ENTREGADO | E112: OK | F112: DETALLES PUERTAS | G112: NO ENTREGADO | H112: DETALLE CAMBIO | I112: OK | J112: OK | K112: OK | L112: DETALLE FIJADO | M112: OK | N112: OK | O112: OK | P112: OK | Q112: OK | R112: OK | S112: OK | T112: OK | U112: OK | V112: OK | W112: OK | X112: OK | Y112: OK | Z112: OK | AA112: OK | AB112: OK | AC112: OK | AD112: OK | AE112: OK | AF112: OK | AG112: DETALEL PUERTAS | AH112: OK | AI112: OK | AJ112: OK | AK112: OK | AL112: OK | AM112: OK
B113: 109 | C113: Cerradura | D113: NO ENTREGADO | E113: OK | F113: OK | G113: NO ENTREGADO | H113: OK | I113: OK | J113: OK | K113: OK | L113: OK | M113: OK | N113: OK | O113: OK | P113: OK | Q113: OK | R113: OK | S113: OK | T113: OK | U113: OK | V113: OK | W113: OK | X113: OK | Y113: OK | Z113: OK | AA113: OK | AB113: OK | AC113: OK | AD113: OK | AE113: OK | AF113: OK | AG113: OK | AH113: OK | AI113: OK | AJ113: OK | AK113: OK | AL113: OK | AM113: OK
B114: 110 | C114: Tope de puerta | D114: NO ENTREGADO | E114: OK | F114: OK | G114: NO ENTREGADO | H114: OK | I114: OK | J114: OK | K114: OK | L114: OK | M114: OK | N114: OK | O114: OK | P114: OK | Q114: OK | R114: OK | S114: OK | T114: OK | U114: OK | V114: OK | W114: OK | X114: OK | Y114: OK | Z114: OK | AA114: OK | AB114: OK | AC114: OK | AD114: OK | AE114: OK | AF114: OK | AG114: OK | AH114: OK | AI114: OK | AJ114: OK | AK114: OK | AL114: OK | AM114: OK
B115: 111 | C115: Luces | D115: NO ENTREGADO | E115: OK | F115: OK | G115: NO ENTREGADO | H115: OK | I115: OK | J115: OK | K115: OK | L115: OK | M115: OK | N115: OK | O115: OK | P115: OK | Q115: OK | R115: OK | S115: OK | T115: OK | U115: OK | V115: OK | W115: OK | X115: OK | Y115: OK | Z115: OK | AA115: OK | AB115: OK | AC115: OK | AD115: OK | AE115: OK | AF115: OK | AG115: OK | AH115: OK | AI115: OK | AJ115: OK | AK115: OK | AL115: OK | AM115: OK
B116: 112 | C116: Tomas | D116: NO ENTREGADO | E116: OK | F116: OK | G116: NO ENTREGADO | H116: OK | I116: OK | J116: OK | K116: OK | L116: OK | M116: DETALLE ACABADO | N116: OK | O116: OK | P116: OK | Q116: OK | R116: OK | S116: OK | T116: OK | U116: OK | V116: OK | W116: OK | X116: OK | Y116: OK | Z116: OK | AA116: OK | AB116: OK | AC116: OK | AD116: OK | AE116: OK | AF116: OK | AG116: OK | AH116: OK | AI116: OK | AJ116: OK | AK116: OK | AL116: OK | AM116: OK
...

Sheet |

Sheet CODICIONALES
A1: NO TIENE POSTVENTA
A2: OK ESTADO DE POSTVENTAS: POSTVENTA CORREGIDA | B2: NO ENTREGADO ESTADO DE POSTVENTAS: TIENE POSTVENTA | C2: NO ENTREGADO ESTADO DE POSTVENTAS: POSTVENTA CORREGIDA

Sheet RESUMEN
R2: ESTADO DE POSTVENTAS:
AN3: SEMANA 22 - 27 SEPTIEMBRE | AQ3: SEMANA 29 SEPTIEMBRE - 03 OCTUBRE | AT3: SEMANA 06 - 11 OCTUBRE
B4: Item | C4: DETALLES | D4: CASA #02 | E4: CASA #03 | F4: CASA #4 | G4: CASA #05 | H4: CASA #07 | I4: CASA #11 | J4: CASA #12 | K4: CASA #14 | L4: CASA #15 | M4: CASA #17 | N4: CASA #18 | O4: CASA #19 | P4: CASA #21 | Q4: CASA #22 | R4: CASA #23 | S4: CASA #24 | T4: CASA #25 | U4: CASA #26 | V4: CASA #27 | W4: CASA #28 | X4: CASA #29 | Y4: CASA #30 | Z4: CASA #31 | AA4: CASA #32 | AB4: CASA #33 | AC4: CASA #35 | AD4: CASA #36 | AE4: CASA #37 | AF4: CASA #38 | AG4: CASA #40 | AH4: CASA #42 | AI4: CASA #43 | AJ4: CASA #44 | AK4: CASA #45 | AL4: CASA #46 | AM4: CASA #47 | AN4: CANTIDAD DE CASA CON PROBLEMAS | AO4: CANTIDAD DE CASA CORREGIDAS | AP4: NO TIENEN DETALLES | AQ4: CANTIDAD DE CASA CON PROBLEMAS | AR4: CANTIDAD DE CASA CORREGIDAS | AS4: NO TIENEN DETALLES | AT4: CANTIDAD DE CASA CON PROBLEMAS | AU4: CANTIDAD DE CASA CORREGIDAS | AV4: NO TIENEN DETALLES
A5: SALA COMEDOR | B5: 1 | C5: Puerta en madera acceso p/pal | D5: =+IF(GENERAL!E6=GENERAL!$AI$2,GENERAL!$AI$2,CONCATENATE(OBSERVACIONES!D5," ESTADO DE POSTVENTAS: ",GENERAL!E6)) -> NO ENTREGADO ESTADO DE POSTVENTAS: TIENE POSTVENTA | E5: =+IF(GENERAL!F6=GENERAL!$AI$2,GENERAL!$AI$2,CONCATENATE(OBSERVACIONES!E5," ESTADO DE POSTVENTAS: ",GENERAL!F6)) -> OK ESTADO DE POSTVENTAS: POSTVENTA CORREGIDA | F5: =+IF(GENERAL!G6=GENERAL!$AI$2,GENERAL!$AI$2,CONCATENATE(OBSERVACIONES!F5," ESTADO DE POSTVENTAS: ",GENERAL!G6)) -> OK ESTADO DE POSTVENTAS: POSTVENTA CORREGIDA | G5: =+IF(GENERAL!H6=GENERAL!$AI$2,GENERAL!$AI$2,CONCATENATE(OBSERVACIONES!G5," ESTADO DE POSTVENTAS: ",GENERAL!H6)) -> NO ENTREGADO ESTADO DE POSTVENTAS: TIENE POSTVENTA | H5: =+IF(GENERAL!I6=GENERAL!$AI$2,GENERAL!$AI$2,CONCATENATE(OBSERVACIONES!H5," ESTADO DE POSTVENTAS: ",GENERAL!I6)) -> OK ESTADO DE POSTVENTAS: POSTVENTA CORREGIDA | I5: =+IF(GENERAL!J6=GENERAL!$AI$2,GENERAL!$AI$2,CONCATENATE(OBSERVACIONES!I5," ESTADO DE POSTVENTAS: ",GENERAL!J6)) -> OK ESTADO DE POSTVENTAS: POSTVENTA CORREGIDA | J5: =+IF(GENERAL!K6=GENERAL!$AI$2,GENERAL!$AI$2,CONCATENATE(OBSERVACIONES!J5," ESTADO DE POSTVENTAS: ",GENERAL!K6)) -> OK ESTADO DE POSTVENTAS: POSTVENTA CORREGIDA | K5: =+IF(GENERAL!L6=GENERAL!$AI$2,GENERAL!$AI$2,CONCATENATE(OBSERVACIONES!K5," ESTADO DE POSTVENTAS: ",GENERAL!L6)) -> OK ESTADO DE POSTVENTAS: POSTVENTA CORREGIDA | ... V5: =+IF(GENERAL!W6=GENERAL!$AI$2,GENERAL!$AI$2,CONCATENATE(OBSERVACIONES!V5," ESTADO DE POSTVENTAS: ",GENERAL!W6)) -> OK ESTADO DE POSTVENTAS: POSTVENTA CORREGIDA | W5: =+IF(GENERAL!V6=GENERAL!$AI$2,GENERAL!$AI$2,CONCATENATE(OBSERVACIONES!W5," ESTADO DE POSTVENTAS: ",GENERAL!V6)) -> OK ESTADO DE POSTVENTAS: POSTVENTA CORREGIDA | X5: =+IF(GENERAL!W6=GENERAL!$AI$2,GENERAL!$AI$2,CONCATENATE(OBSERVACIONES!X5," ESTADO DE POSTVENTAS: ",GENERAL!W6)) -> OK ESTADO DE POSTVENTAS: POSTVENTA CORREGIDA | Y5: =+IF(GENERAL!Z6=GENERAL!$AI$2,GENERAL!$AI$2,CONCATENATE(OBSERVACIONES!Y5," ESTADO DE POSTVENTAS: ",GENERAL!Z6)) -> OK ESTADO DE POSTVENTAS: POSTVENTA CORREGIDA | Z5: =+IF(GENERAL!AA6=GENERAL!$AI$2,GENERAL!$AI$2,CONCATENATE(OBSERVACIONES!Z5," ESTADO DE POSTVENTAS: ",GENERAL!AA6)) -> OK ESTADO DE POSTVENTAS: POSTVENTA CORREGIDA | AA5: =+IF(GENERAL!AB6=GENERAL!$AI$2,GENERAL!$AI$2,CONCATENATE(OBSERVACIONES!AA5," ESTADO DE POSTVENTAS: ",GENERAL!AB6)) -> OK ESTADO DE POSTVENTAS: POSTVENTA CORREGIDA | AB5: =+IF(GENERAL!AC6=GENERAL!$AI$2,GENERAL!$AI$2,CONCATENATE(OBSERVACIONES!AB5," ESTADO DE POSTVENTAS: ",GENERAL!AC6)) -> OK ESTADO DE POSTVENTAS: POSTVENTA CORREGIDA | AC5: =+IF(GENERAL!AD6=GENERAL!$AI$2,GENERAL!$AI$2,CONCATENATE(OBSERVACIONES!AC5," ESTADO DE POSTVENTAS: ",GENERAL!AD6)) -> OK ESTADO DE POSTVENTAS: POSTVENTA CORREGIDA | AD5: =+IF(GENERAL!AE6=GENERAL!$AI$2,GENERAL!$AI$2,CONCATENATE(OBSERVACIONES!AD5," ESTADO DE POSTVENTAS: ",GENERAL!AE6)) -> DETALLE FIJADO ESTADO DE POSTVENTAS: TIENE POSTVENTA | AE5: =+IF(GENERAL!AF6=GENERAL!$AI$2,GENERAL!$AI$2,CONCATENATE(OBSERVACIONES!AE5," ESTADO DE POSTVENTAS: ",GENERAL!AF6)) -> OK ESTADO DE POSTVENTAS: POSTVENTA CORREGIDA | AF5: =+IF(GENERAL!AG6=GENERAL!$AI$2,GENERAL!$AI$2,CONCATENATE(OBSERVACIONES!AF5," ESTADO DE POSTVENTAS: ",GENERAL!AG6)) -> OK ESTADO DE POSTVENTAS: POSTVENTA CORREGIDA | ... AH5: =+IF(GENERAL!AI6=GENERAL!$AI$2,GENERAL!$AI$2,CONCATENATE(OBSERVACIONES!AH5," ESTADO DE POSTVENTAS: ",GENERAL!AI6)) -> OK ESTADO DE POSTVENTAS: POSTVENTA CORREGIDA | AI5: =+IF(GENERAL!AG6=GENERAL!$AI$2,GENERAL!$AI$2,CONCATENATE(OBSERVACIONES!AF5," ESTADO DE POSTVENTAS: ",GENERAL!AG6)) -> OK ESTADO DE POSTVENTAS: POSTVENTA CORREGIDA | AJ5: =+IF(GENERAL!AI6=GENERAL!$AI$2,GENERAL!$AI$2,CONCATENATE(OBSERVACIONES!AH5," ESTADO DE POSTVENTAS: ",GENERAL!AI6)) -> OK ESTADO DE POSTVENTAS: POSTVENTA CORREGIDA | AK5: =+IF(GENERAL!AJ6=GENERAL!$AI$2,GENERAL!$AI$2,CONCATENATE(OBSERVACIONES!AI5," ESTADO DE POSTVENTAS: ",GENERAL!AJ6)) -> OK ESTADO DE POSTVENTAS: POSTVENTA CORREGIDA | AL5: =+IF(GENERAL!AK6=GENERAL!$AI$2,GENERAL!$AI$2,CONCATENATE(OBSERVACIONES!AJ5," ESTADO DE POSTVENTAS: ",GENERAL!AK6)) -> OK ESTADO DE POSTVENTAS: POSTVENTA CORREGIDA | AM5: =+IF(GENERAL!AN6=GENERAL!$AI$2,GENERAL!$AI$2,CONCATENATE(OBSERVACIONES!AM5," ESTADO DE POSTVENTAS: ",GENERAL!AN6)) -> DETALLE CAMBIO ESTADO DE POSTVENTAS: TIENE POSTVENTA | AN5: 5 | AO5: 6 | AP5: 3 | AQ5: 3 | AR5: 12 | AS5: 11 | AT5: =COUNTIFS($D$5:$AM$5,"<>"&CODICIONALES!$A$1,$D$5:$AM$5,"<>"&CODICIONALES!$A$2,$D$5:$AM$5,"<>"&CODICIONALES!$B$2,$D$5:$AM$5,"<>"&CODICIONALES!$C$2) -> 6 | AU5: =COUNTIFS(D5:AM5,CODICIONALES!$A$2) -> 28 | AV5: =COUNTA(D5:AM5)-SUM(AT5:AU5) -> 2
B6: 2 | C6: Cerradura Puerta Principal con llaves | D6: =+IF(GENERAL!E7=GENERAL!$AI$2,GENERAL!$AI$2,CONCATENATE(OBSERVACIONES!D6," ESTADO DE POSTVENTAS: ",GENERAL!E7)) -> NO ENTREGADO ESTADO DE POSTVENTAS: TIENE POSTVENTA | E6: =+IF(GENERAL!F7=GENERAL!$AI$2,GENERAL!$AI$2,CONCATENATE(OBSERVACIONES!E6," ESTADO DE POSTVENTAS: ",GENERAL!F7)) -> OK ESTADO DE POSTVENTAS: POSTVENTA CORREGIDA | F6: =+IF(GENERAL!G7=GENERAL!$AI$2,GENERAL!$AI$2,CONCATENATE(OBSERVACIONES!F6," ESTADO DE POSTVENTAS: ",GENERAL!G7)) -> OK ESTADO DE POSTVENTAS: POSTVENTA CORREGIDA | G6: =+IF(GENERAL!H7=GENERAL!$AI$2,GENERAL!$AI$2,CONCATENATE(OBSERVACIONES!G6," ESTADO DE POSTVENTAS: ",GENERAL!H7)) -> NO ENTREGADO ESTADO DE POSTVENTAS: TIENE POSTVENTA | H6: =+IF(GENERAL!I7=GENERAL!$AI$2,GENERAL!$AI$2,CONCATENATE(OBSERVACIONES!H6," ESTADO DE POSTVENTAS: ",GENERAL!I7)) -> OK ESTADO DE POSTVENTAS: POSTVENTA CORREGIDA | I6: =+IF(GENERAL!J7=GENERAL!$AI$2,GENERAL!$AI$2,CONCATENATE(OBSERVACIONES!I6," ESTADO DE POSTVENTAS: ",GENERAL!J7)) -> OK ESTADO DE POSTVENTAS: POSTVENTA CORREGIDA | J6: =+IF(GENERAL!K7=GENERAL!$AI$2,GENERAL!$AI$2,CONCATENATE(OBSERVACIONES!J6," ESTADO DE POSTVENTAS: ",GENERAL!K7)) -> OK ESTADO DE POSTVENTAS: POSTVENTA CORREGIDA | K6: =+IF(GENERAL!L7=GENERAL!$AI$2,GENERAL!$AI$2,CONCATENATE(OBSERVACIONES!K6," ESTADO DE POSTVENTAS: ",GENERAL!L7)) -> OK ESTADO DE POSTVENTAS: POSTVENTA CORREGIDA | ... V6: =+IF(GENERAL!W7=GENERAL!$AI$2,GENERAL!$AI$2,CONCATENATE(OBSERVACIONES!V6," ESTADO DE POSTVENTAS: ",GENERAL!W7)) -> OK ESTADO DE POSTVENTAS: POSTVENTA CORREGIDA | W6: =+IF(GENERAL!V7=GENERAL!$AI$2,GENERAL!$AI$2,CONCATENATE(OBSERVACIONES!W6," ESTADO DE POSTVENTAS: ",GENERAL!V7)) -> OK ESTADO DE POSTVENTAS: POSTVENTA CORREGIDA | X6: =+IF(GENERAL!W7=GENERAL!$AI$2,GENERAL!$AI$2,CONCATENATE(OBSERVACIONES!X6," ESTADO DE POSTVENTAS: ",GENERAL!W7)) -> OK ESTADO DE POSTVENTAS: POSTVENTA CORREGIDA | Y6: =+IF(GENERAL!Z7=GENERAL!$AI$2,GENERAL!$AI$2,CONCATENATE(OBSERVACIONES!Y6," ESTADO DE POSTVENTAS: ",GENERAL!Z7)) -> OK ESTADO DE POSTVENTAS: POSTVENTA CORREGIDA | Z6: =+IF(GENERAL!AA7=GENERAL!$AI$2,GENERAL!$AI$2,CONCATENATE(OBSERVACIONES!Z6," ESTADO DE POSTVENTAS: ",GENERAL!AA7)) -> OK ESTADO DE POSTVENTAS: POSTVENTA CORREGIDA | AA6: =+IF(GENERAL!AB7=GENERAL!$AI$2,GENERAL!$AI$2,CONCATENATE(OBSERVACIONES!AA6," ESTADO DE POSTVENTAS: ",GENERAL!AB7)) -> OK ESTADO DE POSTVENTAS: POSTVENTA CORREGIDA | AB6: =+IF(GENERAL!AC7=GENERAL!$AI$2,GENERAL!$AI$2,CONCATENATE(OBSERVACIONES!AB6," ESTADO DE POSTVENTAS: ",GENERAL!AC7)) -> OK ESTADO DE POSTVENTAS: POSTVENTA CORREGIDA | AC6: =+IF(GENERAL!AD7=GENERAL!$AI$2,GENERAL!$AI$2,CONCATENATE(OBSERVACIONES!AC6," ESTADO DE POSTVENTAS: ",GENERAL!AD7)) -> OK ESTADO DE POSTVENTAS: POSTVENTA CORREGIDA | AD6: =+IF(GENERAL!AE7=GENERAL!$AI$2,GENERAL!$AI$2,CONCATENATE(OBSERVACIONES!AD6," ESTADO DE POSTVENTAS: ",GENERAL!AE7)) -> OK ESTADO DE POSTVENTAS: POSTVENTA CORREGIDA | AE6: =+IF(GENERAL!AF7=GENERAL!$AI$2,GENERAL!$AI$2,CONCATENATE(OBSERVACIONES!AE6," ESTADO DE POSTVENTAS: ",GENERAL!AF7)) -> OK ESTADO DE POSTVENTAS: POSTVENTA CORREGIDA | AF6: =+IF(GENERAL!AG7=GENERAL!$AI$2,GENERAL!$AI$2,CONCATENATE(OBSERVACIONES!AF6," ESTADO DE POSTVENTAS: ",GENERAL!AG7)) -> OK ESTADO DE POSTVENTAS: POSTVENTA CORREGIDA | ... AH6: =+IF(GENERAL!AI7=GENERAL!$AI$2,GENERAL!$AI$2,CONCATENATE(OBSERVACIONES!AH6," ESTADO DE POSTVENTAS: ",GENERAL!AI7)) -> OK ESTADO DE POSTVENTAS: POSTVENTA CORREGIDA | AI6: =+IF(GENERAL!AG7=GENERAL!$AI$2,GENERAL!$AI$2,CONCATENATE(OBSERVACIONES!AF6," ESTADO DE POSTVENTAS: ",GENERAL!AG7)) -> OK ESTADO DE POSTVENTAS: POSTVENTA CORREGIDA | AJ6: =+IF(GENERAL!AI7=GENERAL!$AI$2,GENERAL!$AI$2,CONCATENATE(OBSERVACIONES!AH6," ESTADO DE POSTVENTAS: ",GENERAL!AI7)) -> OK ESTADO DE POSTVENTAS: POSTVENTA CORREGIDA | AK6: =+IF(GENERAL!AJ7=GENERAL!$AI$2,GENERAL!$AI$2,CONCATENATE(OBSERVACIONES!AI6," ESTADO DE POSTVENTAS: ",GENERAL!AJ7)) -> OK ESTADO DE POSTVENTAS: POSTVENTA CORREGIDA | AL6: =+IF(GENERAL!AK7=GENERAL!$AI$2,GENERAL!$AI$2,CONCATENATE(OBSERVACIONES!AJ6," ESTADO DE POSTVENTAS: ",GENERAL!AK7)) -> OK ESTADO DE POSTVENTAS: POSTVENTA CORREGIDA | AM6: =+IF(GENERAL!AN7=GENERAL!$AI$2,GENERAL!$AI$2,CONCATENATE(OBSERVACIONES!AM6," ESTADO DE POSTVENTAS: ",GENERAL!AN7)) -> OK ESTADO DE POSTVENTAS: POSTVENTA CORREGIDA | AN6: 1 | AO6: 10 | AP6: 3 | AQ6: 1 | AR6: 14 | AS6: 11 | AT6: =COUNTIFS($D$5:$AM$5,"<>"&CODICIONALES!$A$1,$D$5:$AM$5,"<>"&CODICIONALES!$A$2,$D$5:$AM$5,"<>"&CODICIONALES!$B$2,$D$5:$AM$5,"<>"&CODICIONALES!$C$2) -> 6 | AU6: =COUNTIFS(D6:AM6,CODICIONALES!$A$2) -> 34 | AV6: =COUNTA(D6:AM6)-SUM(AT6:AU6) -> -4
B7: 3 | C7: Tope de puerta | D7: =+IF(GENERAL!E8=GENERAL!$AI$2,GENERAL!$AI$2,CONCATENATE(OBSERVACIONES!D7," ESTADO DE POSTVENTAS: ",GENERAL!E8)) -> NO ENTREGADO ESTADO DE POSTVENTAS: TIENE POSTVENTA | E7: =+IF(GENERAL!F8=GENERAL!$AI$2,GENERAL!$AI$2,CONCATENATE(OBSERVACIONES!E7," ESTADO DE POSTVENTAS: ",GENERAL!F8)) -> OK ESTADO DE POSTVENTAS: POSTVENTA CORREGIDA | F7: =+IF(GENERAL!G8=GENERAL!$AI$2,GENERAL!$AI$2,CONCATENATE(OBSERVACIONES!F7," ESTADO DE POSTVENTAS: ",GENERAL!G8)) -> OK ESTADO DE POSTVENTAS: POSTVENTA CORREGIDA | G7: =+IF(GENERAL!H8=GENERAL!$AI$2,GENERAL!$AI$2,CONCATENATE(OBSERVACIONES!G7," ESTADO DE POSTVENTAS: ",GENERAL!H8)) -> NO ENTREGADO ESTADO DE POSTVENTAS: TIENE POSTVENTA | H7: =+IF(GENERAL!I8=GENERAL!$AI$2,GENERAL!$AI$2,CONCATENATE(OBSERVACIONES!H7," ESTADO DE POSTVENTAS: ",GENERAL!I8)) -> OK ESTADO DE POSTVENTAS: POSTVENTA CORREGIDA | I7: =+IF(GENERAL!J8=GENERAL!$AI$2,GENERAL!$AI$2,CONCATENATE(OBSERVACIONES!I7," ESTADO DE POSTVENTAS: ",GENERAL!J8)) -> OK ESTADO DE POSTVENTAS: POSTVENTA CORREGIDA | J7: =+IF(GENERAL!K8=GENERAL!$AI$2,GENERAL!$AI$2,CONCATENATE(OBSERVACIONES!J7," ESTADO DE POSTVENTAS: ",GENERAL!K8)) -> OK ESTADO DE POSTVENTAS: POSTVENTA CORREGIDA | K7: =+IF(GENERAL!L8=GENERAL!$AI$2,GENERAL!$AI$2,CONCATENATE(OBSERVACIONES!K7," ESTADO DE POSTVENTAS: ",GENERAL!L8)) -> OK ESTADO DE POSTVENTAS: POSTVENTA CORREGIDA | ... V7: =+IF(GENERAL!W8=GENERAL!$AI$2,GENERAL!$AI$2,CONCATENATE(OBSERVACIONES!V7," ESTADO DE POSTVENTAS: ",GENERAL!W8)) -> OK ESTADO DE POSTVENTAS: POSTVENTA CORREGIDA | W7: =+IF(GENERAL!V8=GENERAL!$AI$2,GENERAL!$AI$2,CONCATENATE(OBSERVACIONES!W7," ESTADO DE POSTVENTAS: ",GENERAL!V8)) -> OK ESTADO DE POSTVENTAS: POSTVENTA CORREGIDA | X7: =+IF(GENERAL!W8=GENERAL!$AI$2,GENERAL!$AI$2,CONCATENATE(OBSERVACIONES!X7," ESTADO DE POSTVENTAS: ",GENERAL!W8)) -> OK ESTADO DE POSTVENTAS: POSTVENTA CORREGIDA | Y7: =+IF(GENERAL!Z8=GENERAL!$AI$2,GENERAL!$AI$2,CONCATENATE(OBSERVACIONES!Y7," ESTADO DE POSTVENTAS: ",GENERAL!Z8)) -> OK ESTADO DE POSTVENTAS: POSTVENTA CORREGIDA | Z7: =+IF(GENERAL!AA8=GENERAL!$AI$2,GENERAL!$AI$2,CONCATENATE(OBSERVACIONES!Z7," ESTADO DE POSTVENTAS: ",GENERAL!AA8)) -> OK ESTADO DE POSTVENTAS: POSTVENTA CORREGIDA | AA7: =+IF(GENERAL!AB8=GENERAL!$AI$2,GENERAL!$AI$2,CONCATENATE(OBSERVACIONES!AA7," ESTADO DE POSTVENTAS: ",GENERAL!AB8)) -> OK ESTADO DE POSTVENTAS: POSTVENTA CORREGIDA | AB7: =+IF(GENERAL!AC8=GENERAL!$AI$2,GENERAL!$AI$2,CONCATENATE(OBSERVACIONES!AB7," ESTADO DE POSTVENTAS: ",GENERAL!AC8)) -> OK ESTADO DE POSTVENTAS: POSTVENTA CORREGIDA | AC7: =+IF(GENERAL!AD8=GENERAL!$AI$2,GENERAL!$AI$2,CONCATENATE(OBSERVACIONES!AC7," ESTADO DE POSTVENTAS: ",GENERAL!AD8)) -> OK ESTADO DE POSTVENTAS: POSTVENTA CORREGIDA | AD7: =+IF(GENERAL!AE8=GENERAL!$AI$2,GENERAL!$AI$2,CONCATENATE(OBSERVACIONES!AD7," ESTADO DE POSTVENTAS: ",GENERAL!AE8)) -> OK ESTADO DE POSTVENTAS: POSTVENTA CORREGIDA | AE7: =+IF(GENERAL!AF8=GENERAL!$AI$2,GENERAL!$AI$2,CONCATENATE(OBSERVACIONES!AE7," ESTADO DE POSTVENTAS: ",GENERAL!AF8)) -> OK ESTADO DE POSTVENTAS: POSTVENTA CORREGIDA | AF7: =+IF(GENERAL!AG8=GENERAL!$AI$2,GENERAL!$AI$2,CONCATENATE(OBSERVACIONES!AF7," ESTADO DE POSTVENTAS: ",GENERAL!AG8)) -> OK ESTADO DE POSTVENTAS: POSTVENTA CORREGIDA | ... AH7: =+IF(GENERAL!AI8=GENERAL!$AI$2,GENERAL!$AI$2,CONCATENATE(OBSERVACIONES!AH7," ESTADO DE POSTVENTAS: ",GENERAL!AI8)) -> OK ESTADO DE POSTVENTAS: POSTVENTA CORREGIDA | AI7: =+IF(GENERAL!AG8=GENERAL!$AI$2,GENERAL!$AI$2,CONCATENATE(OBSERVACIONES!AF7," ESTADO DE POSTVENTAS: ",GENERAL!AG8)) -> OK ESTADO DE POSTVENTAS: POSTVENTA CORREGIDA | AJ7: =+IF(GENERAL!AI8=GENERAL!$AI$2,GENERAL!$AI$2,CONCATENATE(OBSERVACIONES!AH7," ESTADO DE POSTVENTAS: ",GENERAL!AI8)) -> OK ESTADO DE POSTVENTAS: POSTVENTA CORREGIDA | AK7: =+IF(GENERAL!AJ8=GENERAL!$AI$2,GENERAL!$AI$2,CONCATENATE(OBSERVACIONES!AI7," ESTADO DE POSTVENTAS: ",GENERAL!AJ8)) -> OK ESTADO DE POSTVENTAS: POSTVENTA CORREGIDA | AL7: =+IF(GENERAL!AK8=GENERAL!$AI$2,GENERAL!$AI$2,CONCATENATE(OBSERVACIONES!AJ7," ESTADO DE POSTVENTAS: ",GENERAL!AK8)) -> OK ESTADO DE POSTVENTAS: POSTVENTA CORREGIDA | AM7: =+IF(GENERAL!AN8=GENERAL!$AI$2,GENERAL!$AI$2,CONCATENATE(OBSERVACIONES!AM7," ESTADO DE POSTVENTAS: ",GENERAL!AN8)) -> OK ESTADO DE POSTVENTAS: POSTVENTA CORREGIDA | AN7: 0 | AO7: 11 | AP7: 3 | AQ7: 0 | AR7: 14 | AS7: 12 | AT7: =COUNTIFS($D$5:$AM$5,"<>"&CODICIONALES!$A$1,$D$5:$AM$5,"<>"&CODICIONALES!$A$2,$D$5:$AM$5,"<>"&CODICIONALES!$B$2,$D$5:$AM$5,"<>"&CODICIONALES!$C$2) -> 6 | AU7: =COUNTIFS(D7:AM7,CODICIONALES!$A$2) -> 34 | AV7: =COUNTA(D7:AM7)-SUM(AT7:AU7) -> -4
B8: 4 | C8: Timbre | D8: =+IF(GENERAL!E9=GENERAL!$AI$2,GENERAL!$AI$2,CONCATENATE(OBSERVACIONES!D8," ESTADO DE POSTVENTAS: ",GENERAL!E9)) -> NO ENTREGADO ESTADO DE POSTVENTAS: TIENE POSTVENTA | E8: =+IF(GENERAL!F9=GENERAL!$AI$2,GENERAL!$AI$2,CONCATENATE(OBSERVACIONES!E8," ESTADO DE POSTVENTAS: ",GENERAL!F9)) -> OK ESTADO DE POSTVENTAS: POSTVENTA CORREGIDA | F8: =+IF(GENERAL!G9=GENERAL!$AI$2,GENERAL!$AI$2,CONCATENATE(OBSERVACIONES!F8," ESTADO DE POSTVENTAS: ",GENERAL!G9)) -> OK ESTADO DE POSTVENTAS: POSTVENTA CORREGIDA | G8: =+IF(GENERAL!H9=GENERAL!$AI$2,GENERAL!$AI$2,CONCATENATE(OBSERVACIONES!G8," ESTADO DE POSTVENTAS: ",GENERAL!H9)) -> NO ENTREGADO ESTADO DE POSTVENTAS: TIENE POSTVENTA | H8: =+IF(GENERAL!I9=GENERAL!$AI$2,GENERAL!$AI$2,CONCATENATE(OBSERVACIONES!H8," ESTADO DE POSTVENTAS: ",GENERAL!I9)) -> OK ESTADO DE POSTVENTAS: POSTVENTA CORREGIDA | I8: =+IF(GENERAL!J9=GENERAL!$AI$2,GENERAL!$AI$2,CONCATENATE(OBSERVACIONES!I8," ESTADO DE POSTVENTAS: ",GENERAL!J9)) -> OK ESTADO DE POSTVENTAS: POSTVENTA CORREGIDA | J8: =+IF(GENERAL!K9=GENERAL!$AI$2,GENERAL!$AI$2,CONCATENATE(OBSERVACIONES!J8," ESTADO DE POSTVENTAS: ",GENERAL!K9)) -> OK ESTADO DE POSTVENTAS: POSTVENTA CORREGIDA | K8: =+IF(GENERAL!L9=GENERAL!$AI$2,GENERAL!$AI$2,CONCATENATE(OBSERVACIONES!K8," ESTADO DE POSTVENTAS: ",GENERAL!L9)) -> OK ESTADO DE POSTVENTAS: POSTVENTA CORREGIDA | ... V8: =+IF(GENERAL!W9=GENERAL!$AI$2,GENERAL!$AI$2,CONCATENATE(OBSERVACIONES!V8," ESTADO DE POSTVENTAS: ",GENERAL!W9)) -> OK ESTADO DE POSTVENTAS: POSTVENTA CORREGIDA | W8: =+IF(GENERAL!V9=GENERAL!$AI$2,GENERAL!$AI$2,CONCATENATE(OBSERVACIONES!W8," ESTADO DE POSTVENTAS: ",GENERAL!V9)) -> OK ESTADO DE POSTVENTAS: POSTVENTA CORREGIDA | X8: =+IF(GENERAL!W9=GENERAL!$AI$2,GENERAL!$AI$2,CONCATENATE(OBSERVACIONES!X8," ESTADO DE POSTVENTAS: ",GENERAL!W9)) -> OK ESTADO DE POSTVENTAS: POSTVENTA CORREGIDA | Y8: =+IF(GENERAL!Z9=GENERAL!$AI$2,GENERAL!$AI$2,CONCATENATE(OBSERVACIONES!Y8," ESTADO DE POSTVENTAS: ",GENERAL!Z9)) -> OK ESTADO DE POSTVENTAS: POSTVENTA CORREGIDA | Z8: =+IF(GENERAL!AA9=GENERAL!$AI$2,GENERAL!$AI$2,CONCATENATE(OBSERVACIONES!Z8," ESTADO DE POSTVENTAS: ",GENERAL!AA9)) -> OK ESTADO DE POSTVENTAS: POSTVENTA CORREGIDA | AA8: =+IF(GENERAL!AB9=GENERAL!$AI$2,GENERAL!$AI$2,CONCATENATE(OBSERVACIONES!AA8," ESTADO DE POSTVENTAS: ",GENERAL!AB9)) -> OK ESTADO DE POSTVENTAS: POSTVENTA CORREGIDA | AB8: =+IF(GENERAL!AC9=GENERAL!$AI$2,GENERAL!$AI$2,CONCATENATE(OBSERVACIONES!AB8," ESTADO DE POSTVENTAS: ",GENERAL!AC9)) -> OK ESTADO DE POSTVENTAS: POSTVENTA CORREGIDA | AC8: =+IF(GENERAL!AD9=GENERAL!$AI$2,GENERAL!$AI$2,CONCATENATE(OBSERVACIONES!AC8," ESTADO DE POSTVENTAS: ",GENERAL!AD9)) -> OK ESTADO DE POSTVENTAS: POSTVENTA CORREGIDA | AD8: =+IF(GENERAL!AE9=GENERAL!$AI$2,GENERAL!$AI$2,CONCATENATE(OBSERVACIONES!AD8," ESTADO DE POSTVENTAS: ",GENERAL!AE9)) -> OK ESTADO DE POSTVENTAS: POSTVENTA CORREGIDA | AE8: =+IF(GENERAL!AF9=GENERAL!$AI$2,GENERAL!$AI$2,CONCATENATE(OBSERVACIONES!AE8," ESTADO DE POSTVENTAS: ",GENERAL!AF9)) -> OK ESTADO DE POSTVENTAS: POSTVENTA CORREGIDA | AF8: =+IF(GENERAL!AG9=GENERAL!$AI$2,GENERAL!$AI$2,CONCATENATE(OBSERVACIONES!AF8," ESTADO DE POSTVENTAS: ",GENERAL!AG9)) -> OK ESTADO DE POSTVENTAS: POSTVENTA CORREGIDA | ... AH8: =+IF(GENERAL!AI9=GENERAL!$AI$2,GENERAL!$AI$2,CONCATENATE(OBSERVACIONES!AH8," ESTADO DE POSTVENTAS: ",GENERAL!AI9)) -> OK ESTADO DE POSTVENTAS: POSTVENTA CORREGIDA | AI8: =+IF(GENERAL!AG9=GENERAL!$AI$2,GENERAL!$AI$2,CONCATENATE(OBSERVACIONES!AF8," ESTADO DE POSTVENTAS: ",GENERAL!AG9)) -> OK ESTADO DE POSTVENTAS: POSTVENTA CORREGIDA | AJ8: =+IF(GENERAL!AI9=GENERAL!$AI$2,GENERAL!$AI$2,CONCATENATE(OBSERVACIONES!AH8," ESTADO DE POSTVENTAS: ",GENERAL!AI9)) -> OK ESTADO DE POSTVENTAS: POSTVENTA CORREGIDA | AK8: =+IF(GENERAL!AJ9=GENERAL!$AI$2,GENERAL!$AI$2,CONCATENATE(OBSERVACIONES!AI8," ESTADO DE POSTVENTAS: ",GENERAL!AJ9)) -> OK ESTADO DE POSTVENTAS: POSTVENTA CORREGIDA | AL8: =+IF(GENERAL!AK9=GENERAL!$AI$2,GENERAL!$AI$2,CONCATENATE(OBSERVACIONES!AJ8," ESTADO DE POSTVENTAS: ",GENERAL!AK9)) -> OK ESTADO DE POSTVENTAS: POSTVENTA CORREGIDA | AM8: =+IF(GENERAL!AN9=GENERAL!$AI$2,GENERAL!$AI$2,CONCATENATE(OBSERVACIONES!AM8," ESTADO DE POSTVENTAS: ",GENERAL!AN9)) -> OK ESTADO DE POSTVENTAS: POSTVENTA CORREGIDA | AN8: 0 | AO8: 11 | AP8: 3 | AQ8: 0 | AR8: 14 | AS8: 12 | AT8: =COUNTIFS($D$5:$AM$5,"<>"&CODICIONALES!$A$1,$D$5:$AM$5,"<>"&CODICIONALES!$A$2,$D$5:$AM$5,"<>"&CODICIONALES!$B$2,$D$5:$AM$5,"<>"&CODICIONALES!$C$2) -> 6 | AU8: =COUNTIFS(D8:AM8,CODICIONALES!$A$2) -> 34 | AV8: =COUNTA(D8:AM8)-SUM(AT8:AU8) -> -4
B9: 5 | C9: Luces | D9: =+IF(GENERAL!E10=GENERAL!$AI$2,GENERAL!$AI$2,CONCATENATE(OBSERVACIONES!D9," ESTADO DE POSTVENTAS: ",GENERAL!E10)) -> NO ENTREGADO ESTADO DE POSTVENTAS: TIENE POSTVENTA | E9: =+IF(GENERAL!F10=GENERAL!$AI$2,GENERAL!$AI$2,CONCATENATE(OBSERVACIONES!E9," ESTADO DE POSTVENTAS: ",GENERAL!F10)) -> OK ESTADO DE POSTVENTAS: POSTVENTA CORREGIDA | F9: =+IF(GENERAL!G10=GENERAL!$AI$2,GENERAL!$AI$2,CONCATENATE(OBSERVACIONES!F9," ESTADO DE POSTVENTAS: ",GENERAL!G10)) -> OK ESTADO DE POSTVENTAS: POSTVENTA CORREGIDA | G9: =+IF(GENERAL!H10=GENERAL!$AI$2,GENERAL!$AI$2,CONCATENATE(OBSERVACIONES!G9," ESTADO DE POSTVENTAS: ",GENERAL!H10)) -> NO ENTREGADO ESTADO DE POSTVENTAS: TIENE POSTVENTA | H9: =+IF(GENERAL!I10=GENERAL!$AI$2,GENERAL!$AI$2,CONCATENATE(OBSERVACIONES!H9," ESTADO DE POSTVENTAS: ",GENERAL!I10)) -> OK ESTADO DE POSTVENTAS: POSTVENTA CORREGIDA | I9: =+IF(GENERAL!J10=GENERAL!$AI$2,GENERAL!$AI$2,CONCATENATE(OBSERVACIONES!I9," ESTADO DE POSTVENTAS: ",GENERAL!J10)) -> OK ESTADO DE POSTVENTAS: POSTVENTA CORREGIDA | J9: =+IF(GENERAL!K10=GENERAL!$AI$2,GENERAL!$AI$2,CONCATENATE(OBSERVACIONES!J9," ESTADO DE POSTVENTAS: ",GENERAL!K10)) -> OK ESTADO DE POSTVENTAS: POSTVENTA CORREGIDA | K9: =+IF(GENERAL!L10=GENERAL!$AI$2,GENERAL!$AI$2,CONCATENATE(OBSERVACIONES!K9," ESTADO DE POSTVENTAS: ",GENERAL!L10)) -> OK ESTADO DE POSTVENTAS: POSTVENTA CORREGIDA | ... V9: =+IF(GENERAL!W10=GENERAL!$AI$2,GENERAL!$AI$2,CONCATENATE(OBSERVACIONES!V9," ESTADO DE POSTVENTAS: ",GENERAL!W10)) -> OK ESTADO DE POSTVENTAS: POSTVENTA CORREGIDA | W9: =+IF(GENERAL!V10=GENERAL!$AI$2,GENERAL!$AI$2,CONCATENATE(OBSERVACIONES!W9," ESTADO DE POSTVENTAS: ",GENERAL!V10)) -> OK ESTADO DE POSTVENTAS: POSTVENTA CORREGIDA | X9: =+IF(GENERAL!W10=GENERAL!$AI$2,GENERAL!$AI$2,CONCATENATE(OBSERVACIONES!X9," ESTADO DE POSTVENTAS: ",GENERAL!W10)) -> OK ESTADO DE POSTVENTAS: POSTVENTA CORREGIDA | Y9: =+IF(GENERAL!Z10=GENERAL!$AI$2,GENERAL!$AI$2,CONCATENATE(OBSERVACIONES!Y9," ESTADO DE POSTVENTAS: ",GENERAL!Z10)) -> OK ESTADO DE POSTVENTAS: POSTVENTA CORREGIDA | Z9: =+IF(GENERAL!AA10=GENERAL!$AI$2,GENERAL!$AI$2,CONCATENATE(OBSERVACIONES!Z9," ESTADO DE POSTVENTAS: ",GENERAL!AA10)) -> OK ESTADO DE POSTVENTAS: POSTVENTA CORREGIDA | AA9: =+IF(GENERAL!AB10=GENERAL!$AI$2,GENERAL!$AI$2,CONCATENATE(OBSERVACIONES!AA9," ESTADO DE POSTVENTAS: ",GENERAL!AB10)) -> OK ESTADO DE POSTVENTAS: POSTVENTA CORREGIDA | AB9: =+IF(GENERAL!AC10=GENERAL!$AI$2,GENERAL!$AI$2,CONCATENATE(OBSERVACIONES!AB9," ESTADO DE POSTVENTAS: ",GENERAL!AC10)) -> OK ESTADO DE POSTVENTAS: POSTVENTA CORREGIDA | AC9: =+IF(GENERAL!AD10=GENERAL!$AI$2,GENERAL!$AI$2,CONCATENATE(OBSERVACIONES!AC9," ESTADO DE POSTVENTAS: ",GENERAL!AD10)) -> OK ESTADO DE POSTVENTAS: POSTVENTA CORREGIDA | AD9: =+IF(GENERAL!AE10=GENERAL!$AI$2,GENERAL!$AI$2,CONCATENATE(OBSERVACIONES!AD9," ESTADO DE POSTVENTAS: ",GENERAL!AE10)) -> OK ESTADO DE POSTVENTAS: POSTVENTA CORREGIDA | AE9: =+IF(GENERAL!AF10=GENERAL!$AI$2,GENERAL!$AI$2,CONCATENATE(OBSERVACIONES!AE9," ESTADO DE POSTVENTAS: ",GENERAL!AF10)) -> OK ESTADO DE POSTVENTAS: POSTVENTA CORREGIDA | AF9: =+IF(GENERAL!AG10=GENERAL!$AI$2,GENERAL!$AI$2,CONCATENATE(OBSERVACIONES!AF9," ESTADO DE POSTVENTAS: ",GENERAL!AG10)) -> OK ESTADO DE POSTVENTAS: POSTVENTA CORREGIDA | ... AH9: =+IF(GENERAL!AI10=GENERAL!$AI$2,GENERAL!$AI$2,CONCATENATE(OBSERVACIONES!AH9," ESTADO DE POSTVENTAS: ",GENERAL!AI10)) -> OK ESTADO DE POSTVENTAS: POSTVENTA CORREGIDA | AI9: =+IF(GENERAL!AG10=GENERAL!$AI$2,GENERAL!$AI$2,CONCATENATE(OBSERVACIONES!AF9," ESTADO DE POSTVENTAS: ",GENERAL!AG10)) -> OK ESTADO DE POSTVENTAS: POSTVENTA CORREGIDA | AJ9: =+IF(GENERAL!AI10=GENERAL!$AI$2,GENERAL!$AI$2,CONCATENATE(OBSERVACIONES!AH9," ESTADO DE POSTVENTAS: ",GENERAL!AI10)) -> OK ESTADO DE POSTVENTAS: POSTVENTA CORREGIDA | AK9: =+IF(GENERAL!AJ10=GENERAL!$AI$2,GENERAL!$AI$2,CONCATENATE(OBSERVACIONES!AI9," ESTADO DE POSTVENTAS: ",GENERAL!AJ10)) -> OK ESTADO DE POSTVENTAS: POSTVENTA CORREGIDA | AL9: =+IF(GENERAL!AK10=GENERAL!$AI$2,GENERAL!$AI$2,CONCATENATE(OBSERVACIONES!AJ9," ESTADO DE POSTVENTAS: ",GENERAL!AK10)) -> OK ESTADO DE POSTVENTAS: POSTVENTA CORREGIDA | AM9: =+IF(GENERAL!AN10=GENERAL!$AI$2,GENERAL!$AI$2,CONCATENATE(OBSERVACIONES!AM9," ESTADO DE POSTVENTAS: ",GENERAL!AN10)) -> OK ESTADO DE POSTVENTAS: POSTVENTA CORREGIDA | AN9: 3 | AO9: 8 | AP9: 3 | AQ9: 0 | AR9: 14 | AS9: 12 | AT9: =COUNTIFS($D$5:$AM$5,"<>"&CODICIONALES!$A$1,$D$5:$AM$5,"<>"&CODICIONALES!$A$2,$D$5:$AM$5,"<>"&CODICIONALES!$B$2,$D$5:$AM$5,"<>"&CODICIONALES!$C$2) -> 6 | AU9: =COUNTIFS(D9:AM9,CODICIONALES!$A$2) -> 34 | AV9: =COUNTA(D9:AM9)-SUM(AT9:AU9) -> -4
B10: 6 | C10: Tomas | D10: =+IF(GENERAL!E11=GENERAL!$AI$2,GENERAL!$AI$2,CONCATENATE(OBSERVACIONES!D10," ESTADO DE POSTVENTAS: ",GENERAL!E11)) -> NO ENTREGADO ESTADO DE POSTVENTAS: TIENE POSTVENTA | E10: =+IF(GENERAL!F11=GENERAL!$AI$2,GENERAL!$AI$2,CONCATENATE(OBSERVACIONES!E10," ESTADO DE POSTVENTAS: ",GENERAL!F11)) -> OK ESTADO DE POSTVENTAS: POSTVENTA CORREGIDA | F10: =+IF(GENERAL!G11=GENERAL!$AI$2,GENERAL!$AI$2,CONCATENATE(OBSERVACIONES!F10," ESTADO DE POSTVENTAS: ",GENERAL!G11)) -> OK ESTADO DE POSTVENTAS: POSTVENTA CORREGIDA | G10: =+IF(GENERAL!H11=GENERAL!$AI$2,GENERAL!$AI$2,CONCATENATE(OBSERVACIONES!G10," ESTADO DE POSTVENTAS: ",GENERAL!H11)) -> NO ENTREGADO ESTADO DE POSTVENTAS: TIENE POSTVENTA | H10: =+IF(GENERAL!I11=GENERAL!$AI$2,GENERAL!$AI$2,CONCATENATE(OBSERVACIONES!H10," ESTADO DE POSTVENTAS: ",GENERAL!I11)) -> OK ESTADO DE POSTVENTAS: POSTVENTA CORREGIDA | I10: =+IF(GENERAL!J11=GENERAL!$AI$2,GENERAL!$AI$2,CONCATENATE(OBSERVACIONES!I10," ESTADO DE POSTVENTAS: ",GENERAL!J11)) -> OK ESTADO DE POSTVENTAS: POSTVENTA CORREGIDA | J10: =+IF(GENERAL!K11=GENERAL!$AI$2,GENERAL!$AI$2,CONCATENATE(OBSERVACIONES!J10," ESTADO DE POSTVENTAS: ",GENERAL!K11)) -> OK ESTADO DE POSTVENTAS: POSTVENTA CORREGIDA | K10: =+IF(GENERAL!L11=GENERAL!$AI$2,GENERAL!$AI$2,CONCATENATE(OBSERVACIONES!K10," ESTADO DE POSTVENTAS: ",GENERAL!L11)) -> OK ESTADO DE POSTVENTAS: POSTVENTA CORREGIDA | ... V10: =+IF(GENERAL!W11=GENERAL!$AI$2,GENERAL!$AI$2,CONCATENATE(OBSERVACIONES!V10," ESTADO DE POSTVENTAS: ",GENERAL!W11)) -> OK ESTADO DE POSTVENTAS: POSTVENTA CORREGIDA | W10: =+IF(GENERAL!V11=GENERAL!$AI$2,GENERAL!$AI$2,CONCATENATE(OBSERVACIONES!W10," ESTADO DE POSTVENTAS: ",GENERAL!V11)) -> OK ESTADO DE POSTVENTAS: POSTVENTA CORREGIDA | X10: =+IF(GENERAL!W11=GENERAL!$AI$2,GENERAL!$AI$2,CONCATENATE(OBSERVACIONES!X10," ESTADO DE POSTVENTAS: ",GENERAL!W11)) -> OK ESTADO DE POSTVENTAS: POSTVENTA CORREGIDA | Y10: =+IF(GENERAL!Z11=GENERAL!$AI$2,GENERAL!$AI$2,CONCATENATE(OBSERVACIONES!Y10," ESTADO DE POSTVENTAS: ",GENERAL!Z11)) -> OK ESTADO DE POSTVENTAS: POSTVENTA CORREGIDA | Z10: =+IF(GENERAL!AA11=GENERAL!$AI$2,GENERAL!$AI$2,CONCATENATE(OBSERVACIONES!Z10," ESTADO DE POSTVENTAS: ",GENERAL!AA11)) -> OK ESTADO DE POSTVENTAS: POSTVENTA CORREGIDA | AA10: =+IF(GENERAL!AB11=GENERAL!$AI$2,GENERAL!$AI$2,CONCATENATE(OBSERVACIONES!AA10," ESTADO DE POSTVENTAS: ",GENERAL!AB11)) -> OK ESTADO DE POSTVENTAS: POSTVENTA CORREGIDA | AB10: =+IF(GENERAL!AC11=GENERAL!$AI$2,GENERAL!$AI$2,CONCATENATE(OBSERVACIONES!AB10," ESTADO DE POSTVENTAS: ",GENERAL!AC11)) -> OK ESTADO DE POSTVENTAS: POSTVENTA CORREGIDA | AC10: =+IF(GENERAL!AD11=GENERAL!$AI$2,GENERAL!$AI$2,CONCATENATE(OBSERVACIONES!AC10," ESTADO DE POSTVENTAS: ",GENERAL!AD11)) -> OK ESTADO DE POSTVENTAS: POSTVENTA CORREGIDA | AD10: =+IF(GENERAL!AE11=GENERAL!$AI$2,GENERAL!$AI$2,CONCATENATE(OBSERVACIONES!AD10," ESTADO DE POSTVENTAS: ",GENERAL!AE11)) -> OK ESTADO DE POSTVENTAS: POSTVENTA CORREGIDA | AE10: =+IF(GENERAL!AF11=GENERAL!$AI$2,GENERAL!$AI$2,CONCATENATE(OBSERVACIONES!AE10," ESTADO DE POSTVENTAS: ",GENERAL!AF11)) -> OK ESTADO DE POSTVENTAS: POSTVENTA CORREGIDA | AF10: =+IF(GENERAL!AG11=GENERAL!$AI$2,GENERAL!$AI$2,CONCATENATE(OBSERVACIONES!AF10," ESTADO DE POSTVENTAS: ",GENERAL!AG11)) -> OK ESTADO DE POSTVENTAS: POSTVENTA CORREGIDA | ... AH10: =+IF(GENERAL!AI11=GENERAL!$AI$2,GENERAL!$AI$2,CONCATENATE(OBSERVACIONES!AH10," ESTADO DE POSTVENTAS: ",GENERAL!AI11)) -> OK ESTADO DE POSTVENTAS: POSTVENTA CORREGIDA | AI10: =+IF(GENERAL!AG11=GENERAL!$AI$2,GENERAL!$AI$2,CONCATENATE(OBSERVACIONES!AF10," ESTADO DE POSTVENTAS: ",GENERAL!AG11)) -> OK ESTADO DE POSTVENTAS: POSTVENTA CORREGIDA | AJ10: =+IF(GENERAL!AI11=GENERAL!$AI$2,GENERAL!$AI$2,CONCATENATE(OBSERVACIONES!AH10," ESTADO DE POSTVENTAS: ",GENERAL!AI11)) -> OK ESTADO DE POSTVENTAS: POSTVENTA CORREGIDA | AK10: =+IF(GENERAL!AJ11=GENERAL!$AI$2,GENERAL!$AI$2,CONCATENATE(OBSERVACIONES!AI10," ESTADO DE POSTVENTAS: ",GENERAL!AJ11)) -> OK ESTADO DE POSTVENTAS: POSTVENTA CORREGIDA | AL10: =+IF(GENERAL!AK11=GENERAL!$AI$2,GENERAL!$AI$2,CONCATENATE(OBSERVACIONES!AJ10," ESTADO DE POSTVENTAS: ",GENERAL!AK11)) -> OK ESTADO DE POSTVENTAS: POSTVENTA CORREGIDA | AM10: =+IF(GENERAL!AN11=GENERAL!$AI$2,GENERAL!$AI$2,CONCATENATE(OBSERVACIONES!AM10," ESTADO DE POSTVENTAS: ",GENERAL!AN11)) -> OK ESTADO DE POSTVENTAS: POSTVENTA CORREGIDA | AN10: 1 | AO10: 10 | AP10: 3 | AQ10: 1 | AR10: 13 | AS10: 12 | AT10: =COUNTIFS($D$5:$AM$5,"<>"&CODICIONALES!$A$1,$D$5:$AM$5,"<>"&CODICIONALES!$A$2,$D$5:$AM$5,"<>"&CODICIONALES!$B$2,$D$5:$AM$5,"<>"&CODICIONALES!$C$2) -> 6 | AU10: =COUNTIFS(D10:AM10,CODICIONALES!$A$2) -> 34 | AV10: =COUNTA(D10:AM10)-SUM(AT10:AU10) -> -4
B11: 7 | C11: Switches | D11: =+IF(GENERAL!E12=GENERAL!$AI$2,GENERAL!$AI$2,CONCATENATE(OBSERVACIONES!D11," ESTADO DE POSTVENTAS: ",GENERAL!E12)) -> NO ENTREGADO ESTADO DE POSTVENTAS: TIENE POSTVENTA | E11: =+IF(GENERAL!F12=GENERAL!$AI$2,GENERAL!$AI$2,CONCATENATE(OBSERVACIONES!E11," ESTADO DE POSTVENTAS: ",GENERAL!F12)) -> OK ESTADO DE POSTVENTAS: POSTVENTA CORREGIDA | F11: =+IF(GENERAL!G12=GENERAL!$AI$2,GENERAL!$AI$2,CONCATENATE(OBSERVACIONES!F11," ESTADO DE POSTVENTAS: ",GENERAL!G12)) -> OK ESTADO DE POSTVENTAS: POSTVENTA CORREGIDA | G11: =+IF(GENERAL!H12=GENERAL!$AI$2,GENERAL!$AI$2,CONCATENATE(OBSERVACIONES!G11," ESTADO DE POSTVENTAS: ",GENERAL!H12)) -> NO ENTREGADO ESTADO DE POSTVENTAS: TIENE POSTVENTA | H11: =+IF(GENERAL!I12=GENERAL!$AI$2,GENERAL!$AI$2,CONCATENATE(OBSERVACIONES!H11," ESTADO DE POSTVENTAS: ",GENERAL!I12)) -> OK ESTADO DE POSTVENTAS: POSTVENTA CORREGIDA | I11: =+IF(GENERAL!J12=GENERAL!$AI$2,GENERAL!$AI$2,CONCATENATE(OBSERVACIONES!I11," ESTADO DE POSTVENTAS: ",GENERAL!J12)) -> OK ESTADO DE POSTVENTAS: POSTVENTA CORREGIDA | J11: =+IF(GENERAL!K12=GENERAL!$AI$2,GENERAL!$AI$2,CONCATENATE(OBSERVACIONES!J11," ESTADO DE POSTVENTAS: ",GENERAL!K12)) -> OK ESTADO DE POSTVENTAS: POSTVENTA CORREGIDA | K11: =+IF(GENERAL!L12=GENERAL!$AI$2,GENERAL!$AI$2,CONCATENATE(OBSERVACIONES!K11," ESTADO DE POSTVENTAS: ",GENERAL!L12)) -> OK ESTADO DE POSTVENTAS: POSTVENTA CORREGIDA | ... V11: =+IF(GENERAL!W12=GENERAL!$AI$2,GENERAL!$AI$2,CONCATENATE(OBSERVACIONES!V11," ESTADO DE POSTVENTAS: ",GENERAL!W12)) -> OK ESTADO DE POSTVENTAS: POSTVENTA CORREGIDA | W11: =+IF(GENERAL!V12=GENERAL!$AI$2,GENERAL!$AI$2,CONCATENATE(OBSERVACIONES!W11," ESTADO DE POSTVENTAS: ",GENERAL!V12)) -> OK ESTADO DE POSTVENTAS: POSTVENTA CORREGIDA | X11: =+IF(GENERAL!W12=GENERAL!$AI$2,GENERAL!$AI$2,CONCATENATE(OBSERVACIONES!X11," ESTADO DE POSTVENTAS: ",GENERAL!W12)) -> OK ESTADO DE POSTVENTAS: POSTVENTA CORREGIDA | Y11: =+IF(GENERAL!Z12=GENERAL!$AI$2,GENERAL!$AI$2,CONCATENATE(OBSERVACIONES!Y11," ESTADO DE POSTVENTAS: ",GENERAL!Z12)) -> OK ESTADO DE POSTVENTAS: POSTVENTA CORREGIDA | Z11: =+IF(GENERAL!AA12=GENERAL!$AI$2,GENERAL!$AI$2,CONCATENATE(OBSERVACIONES!Z11," ESTADO DE POSTVENTAS: ",GENERAL!AA12)) -> OK ESTADO DE POSTVENTAS: POSTVENTA CORREGIDA | AA11: =+IF(GENERAL!AB12=GENERAL!$AI$2,GENERAL!$AI$2,CONCATENATE(OBSERVACIONES!AA11," ESTADO DE POSTVENTAS: ",GENERAL!AB12)) -> OK ESTADO DE POSTVENTAS: POSTVENTA CORREGIDA | AB11: =+IF(GENERAL!AC12=GENERAL!$AI$2,GENERAL!$AI$2,CONCATENATE(OBSERVACIONES!AB11," ESTADO DE POSTVENTAS: ",GENERAL!AC12)) -> OK ESTADO DE POSTVENTAS: POSTVENTA CORREGIDA | AC11: =+IF(GENERAL!AD12=GENERAL!$AI$2,GENERAL!$AI$2,CONCATENATE(OBSERVACIONES!AC11," ESTADO DE POSTVENTAS: ",GENERAL!AD12)) -> OK ESTADO DE POSTVENTAS: POSTVENTA CORREGIDA | AD11: =+IF(GENERAL!AE12=GENERAL!$AI$2,GENERAL!$AI$2,CONCATENATE(OBSERVACIONES!AD11," ESTADO DE POSTVENTAS: ",GENERAL!AE12)) -> OK ESTADO DE POSTVENTAS: POSTVENTA CORREGIDA | AE11: =+IF(GENERAL!AF12=GENERAL!$AI$2,GENERAL!$AI$2,CONCATENATE(OBSERVACIONES!AE11," ESTADO DE POSTVENTAS: ",GENERAL!AF12)) -> OK ESTADO DE POSTVENTAS: POSTVENTA CORREGIDA | AF11: =+IF(GENERAL!AG12=GENERAL!$AI$2,GENERAL!$AI$2,CONCATENATE(OBSERVACIONES!AF11," ESTADO DE POSTVENTAS: ",GENERAL!AG12)) -> OK ESTADO DE POSTVENTAS: POSTVENTA CORREGIDA | ... AH11: =+IF(GENERAL!AI12=GENERAL!$AI$2,GENERAL!$AI$2,CONCATENATE(OBSERVACIONES!AH11," ESTADO DE POSTVENTAS: ",GENERAL!AI12)) -> OK ESTADO DE POSTVENTAS: POSTVENTA CORREGIDA | AI11: =+IF(GENERAL!AG12=GENERAL!$AI$2,GENERAL!$AI$2,CONCATENATE(OBSERVACIONES!AF11," ESTADO DE POSTVENTAS: ",GENERAL!AG12)) -> OK ESTADO DE POSTVENTAS: POSTVENTA CORREGIDA | AJ11: =+IF(GENERAL!AI12=GENERAL!$AI$2,GENERAL!$AI$2,CONCATENATE(OBSERVACIONES!AH11," ESTADO DE POSTVENTAS: ",GENERAL!AI12)) -> OK ESTADO DE POSTVENTAS: POSTVENTA CORREGIDA | AK11: =+IF(GENERAL!AJ12=GENERAL!$AI$2,GENERAL!$AI$2,CONCATENATE(OBSERVACIONES!AI11," ESTADO DE POSTVENTAS: ",GENERAL!AJ12)) -> OK ESTADO DE POSTVENTAS: POSTVENTA CORREGIDA | AL11: =+IF(GENERAL!AK12=GENERAL!$AI$2,GENERAL!$AI$2,CONCATENATE(OBSERVACIONES!AJ11," ESTADO DE POSTVENTAS: ",GENERAL!AK12)) -> OK ESTADO DE POSTVENTAS: POSTVENTA CORREGIDA | AM11: =+IF(GENERAL!AN12=GENERAL!$AI$2,GENERAL!$AI$2,CONCATENATE(OBSERVACIONES!AM11," ESTADO DE POSTVENTAS: ",GENERAL!AN12)) -> OK ESTADO DE POSTVENTAS: POSTVENTA CORREGIDA | AN11: 1 | AO11: 10 | AP11: 3 | AQ11: 0 | AR11: 14 | AS11: 12 | AT11: =COUNTIFS($D$5:$AM$5,"<>"&CODICIONALES!$A$1,$D$5:$AM$5,"<>"&CODICIONALES!$A$2,$D$5:$AM$5,"<>"&CODICIONALES!$B$2,$D$5:$AM$5,"<>"&CODICIONALES!$C$2) -> 6 | AU11: =COUNTIFS(D11:AM11,CODICIONALES!$A$2) -> 34 | AV11: =COUNTA(D11:AM11)-SUM(AT11:AU11) -> -4
B12: 8 | C12: Cableado de Citofono | D12: =+IF(GENERAL!E13=GENERAL!$AI$2,GENERAL!$AI$2,CONCATENATE(OBSERVACIONES!D12," ESTADO DE POSTVENTAS: ",GENERAL!E13)) -> NO ENTREGADO ESTADO DE POSTVENTAS: TIENE POSTVENTA | E12: =+IF(GENERAL!F13=GENERAL!$AI$2,GENERAL!$AI$2,CONCATENATE(OBSERVACIONES!E12," ESTADO DE POSTVENTAS: ",GENERAL!F13)) -> OK ESTADO DE POSTVENTAS: POSTVENTA CORREGIDA | F12: =+IF(GENERAL!G13=GENERAL!$AI$2,GENERAL!$AI$2,CONCATENATE(OBSERVACIONES!F12," ESTADO DE POSTVENTAS: ",GENERAL!G13)) -> OK ESTADO DE POSTVENTAS: POSTVENTA CORREGIDA | G12: =+IF(GENERAL!H13=GENERAL!$AI$2,GENERAL!$AI$2,CONCATENATE(OBSERVACIONES!G12," ESTADO DE POSTVENTAS: ",GENERAL!H13)) -> NO ENTREGADO ESTADO DE POSTVENTAS: TIENE POSTVENTA | H12: =+IF(GENERAL!I13=GENERAL!$AI$2,GENERAL!$AI$2,CONCATENATE(OBSERVACIONES!H12," ESTADO DE POSTVENTAS: ",GENERAL!I13)) -> OK ESTADO DE POSTVENTAS: POSTVENTA CORREGIDA | I12: =+IF(GENERAL!J13=GENERAL!$AI$2,GENERAL!$AI$2,CONCATENATE(OBSERVACIONES!I12," ESTADO DE POSTVENTAS: ",GENERAL!J13)) -> OK ESTADO DE POSTVENTAS: POSTVENTA CORREGIDA | J12: =+IF(GENERAL!K13=GENERAL!$AI$2,GENERAL!$AI$2,CONCATENATE(OBSERVACIONES!J12," ESTADO DE POSTVENTAS: ",GENERAL!K13)) -> OK ESTADO DE POSTVENTAS: POSTVENTA CORREGIDA | K12: =+IF(GENERAL!L13=GENERAL!$AI$2,GENERAL!$AI$2,CONCATENATE(OBSERVACIONES!K12," ESTADO DE POSTVENTAS: ",GENERAL!L13)) -> OK ESTADO DE POSTVENTAS: POSTVENTA CORREGIDA | ... V12: =+IF(GENERAL!W13=GENERAL!$AI$2,GENERAL!$AI$2,CONCATENATE(OBSERVACIONES!V12," ESTADO DE POSTVENTAS: ",GENERAL!W13)) -> OK ESTADO DE POSTVENTAS: POSTVENTA CORREGIDA | W12: =+IF(GENERAL!V13=GENERAL!$AI$2,GENERAL!$AI$2,CONCATENATE(OBSERVACIONES!W12," ESTADO DE POSTVENTAS: ",GENERAL!V13)) -> OK ESTADO DE POSTVENTAS: POSTVENTA CORREGIDA | X12: =+IF(GENERAL!W13=GENERAL!$AI$2,GENERAL!$AI$2,CONCATENATE(OBSERVACIONES!X12," ESTADO DE POSTVENTAS: ",GENERAL!W13)) -> OK ESTADO DE POSTVENTAS: POSTVENTA CORREGIDA | Y12: =+IF(GENERAL!Z13=GENERAL!$AI$2,GENERAL!$AI$2,CONCATENATE(OBSERVACIONES!Y12," ESTADO DE POSTVENTAS: ",GENERAL!Z13)) -> OK ESTADO DE POSTVENTAS: POSTVENTA CORREGIDA | Z12: =+IF(GENERAL!AA13=GENERAL!$AI$2,GENERAL!$AI$2,CONCATENATE(OBSERVACIONES!Z12," ESTADO DE POSTVENTAS: ",GENERAL!AA13)) -> OK ESTADO DE POSTVENTAS: POSTVENTA CORREGIDA | AA12: =+IF(GENERAL!AB13=GENERAL!$AI$2,GENERAL!$AI$2,CONCATENATE(OBSERVACIONES!AA12," ESTADO DE POSTVENTAS: ",GENERAL!AB13)) -> OK ESTADO DE POSTVENTAS: POSTVENTA CORREGIDA | AB12: =+IF(GENERAL!AC13=GENERAL!$AI$2,GENERAL!$AI$2,CONCATENATE(OBSERVACIONES!AB12," ESTADO DE POSTVENTAS: ",GENERAL!AC13)) -> OK ESTADO DE POSTVENTAS: POSTVENTA CORREGIDA | AC12: =+IF(GENERAL!AD13=GENERAL!$AI$2,GENERAL!$AI$2,CONCATENATE(OBSERVACIONES!AC12," ESTADO DE POSTVENTAS: ",GENERAL!AD13)) -> OK ESTADO DE POSTVENTAS: POSTVENTA CORREGIDA | AD12: =+IF(GENERAL!AE13=GENERAL!$AI$2,GENERAL!$AI$2,CONCATENATE(OBSERVACIONES!AD12," ESTADO DE POSTVENTAS: ",GENERAL!AE13)) -> OK ESTADO DE POSTVENTAS: POSTVENTA CORREGIDA | AE12: =+IF(GENERAL!AF13=GENERAL!$AI$2,GENERAL!$AI$2,CONCATENATE(OBSERVACIONES!AE12," ESTADO DE POSTVENTAS: ",GENERAL!AF13)) -> OK ESTADO DE POSTVENTAS: POSTVENTA CORREGIDA | AF12: =+IF(GENERAL!AG13=GENERAL!$AI$2,GENERAL!$AI$2,CONCATENATE(OBSERVACIONES!AF12," ESTADO DE POSTVENTAS: ",GENERAL!AG13)) -> OK ESTADO DE POSTVENTAS: POSTVENTA CORREGIDA | ... AH12: =+IF(GENERAL!AI13=GENERAL!$AI$2,GENERAL!$AI$2,CONCATENATE(OBSERVACIONES!AH12," ESTADO DE POSTVENTAS: ",GENERAL!AI13)) -> OK ESTADO DE POSTVENTAS: POSTVENTA CORREGIDA | AI12: =+IF(GENERAL!AG13=GENERAL!$AI$2,GENERAL!$AI$2,CONCATENATE(OBSERVACIONES!AF12," ESTADO DE POSTVENTAS: ",GENERAL!AG13)) -> OK ESTADO DE POSTVENTAS: POSTVENTA CORREGIDA | AJ12: =+IF(GENERAL!AI13=GENERAL!$AI$2,GENERAL!$AI$2,CONCATENATE(OBSERVACIONES!AH12," ESTADO DE POSTVENTAS: ",GENERAL!AI13)) -> OK ESTADO DE POSTVENTAS: POSTVENTA CORREGIDA | AK12: =+IF(GENERAL!AJ13=GENERAL!$AI$2,GENERAL!$AI$2,CONCATENATE(OBSERVACIONES!AI12," ESTADO DE POSTVENTAS: ",GENERAL!AJ13)) -> OK ESTADO DE POSTVENTAS: POSTVENTA CORREGIDA | AL12: =+IF(GENERAL!AK13=GENERAL!$AI$2,GENERAL!$AI$2,CONCATENATE(OBSERVACIONES!AJ12," ESTADO DE POSTVENTAS: ",GENERAL!AK13)) -> OK ESTADO DE POSTVENTAS: POSTVENTA CORREGIDA | AM12: =+IF(GENERAL!AN13=GENERAL!$AI$2,GENERAL!$AI$2,CONCATENATE(OBSERVACIONES!AM12," ESTADO DE POSTVENTAS: ",GENERAL!AN13)) -> OK ESTADO DE POSTVENTAS: POSTVENTA CORREGIDA | AN12: 0 | AO12: 11 | AP12: 3 | AQ12: 0 | AR12: 14 | AS12: 12 | AT12: =COUNTIFS($D$5:$AM$5,"<>"&CODICIONALES!$A$1,$D$5:$AM$5,"<>"&CODICIONALES!$A$2,$D$5:$AM$5,"<>"&CODICIONALES!$B$2,$D$5:$AM$5,"<>"&CODICIONALES!$C$2) -> 6 | AU12: =COUNTIFS(D12:AM12,CODICIONALES!$A$2) -> 34 | AV12: =COUNTA(D12:AM12)-SUM(AT12:AU12) -> -4
B13: 9 | C13: Punto de Voz y datos/tv | D13: =+IF(GENERAL!E14=GENERAL!$AI$2,GENERAL!$AI$2,CONCATENATE(OBSERVACIONES!D13," ESTADO DE POSTVENTAS: ",GENERAL!E14)) -> NO ENTREGADO ESTADO DE POSTVENTAS: TIENE POSTVENTA | E13: =+IF(GENERAL!F14=GENERAL!$AI$2,GENERAL!$AI$2,CONCATENATE(OBSERVACIONES!E13," ESTADO DE POSTVENTAS: ",GENERAL!F14)) -> OK ESTADO DE POSTVENTAS: POSTVENTA CORREGIDA | F13: =+IF(GENERAL!G14=GENERAL!$AI$2,GENERAL!$AI$2,CONCATENATE(OBSERVACIONES!F13," ESTADO DE POSTVENTAS: ",GENERAL!G14)) -> OK ESTADO DE POSTVENTAS: POSTVENTA CORREGIDA | G13: =+IF(GENERAL!H14=GENERAL!$AI$2,GENERAL!$AI$2,CONCATENATE(OBSERVACIONES!G13," ESTADO DE POSTVENTAS: ",GENERAL!H14)) -> NO ENTREGADO ESTADO DE POSTVENTAS: TIENE POSTVENTA | H13: =+IF(GENERAL!I14=GENERAL!$AI$2,GENERAL!$AI$2,CONCATENATE(OBSERVACIONES!H13," ESTADO DE POSTVENTAS: ",GENERAL!I14)) -> OK ESTADO DE POSTVENTAS: POSTVENTA CORREGIDA | I13: =+IF(GENERAL!J14=GENERAL!$AI$2,GENERAL!$AI$2,CONCATENATE(OBSERVACIONES!I13," ESTADO DE POSTVENTAS: ",GENERAL!J14)) -> OK ESTADO DE POSTVENTAS: POSTVENTA CORREGIDA | J13: =+IF(GENERAL!K14=GENERAL!$AI$2,GENERAL!$AI$2,CONCATENATE(OBSERVACIONES!J13," ESTADO DE POSTVENTAS: ",GENERAL!K14)) -> OK ESTADO DE POSTVENTAS: POSTVENTA CORREGIDA | K13: =+IF(GENERAL!L14=GENERAL!$AI$2,GENERAL!$AI$2,CONCATENATE(OBSERVACIONES!K13," ESTADO DE POSTVENTAS: ",GENERAL!L14)) -> OK ESTADO DE POSTVENTAS: POSTVENTA CORREGIDA | ... V13: =+IF(GENERAL!W14=GENERAL!$AI$2,GENERAL!$AI$2,CONCATENATE(OBSERVACIONES!V13," ESTADO DE POSTVENTAS: ",GENERAL!W14)) -> OK ESTADO DE POSTVENTAS: POSTVENTA CORREGIDA | W13: =+IF(GENERAL!V14=GENERAL!$AI$2,GENERAL!$AI$2,CONCATENATE(OBSERVACIONES!W13," ESTADO DE POSTVENTAS: ",GENERAL!V14)) -> OK ESTADO DE POSTVENTAS: POSTVENTA CORREGIDA | X13: =+IF(GENERAL!W14=GENERAL!$AI$2,GENERAL!$AI$2,CONCATENATE(OBSERVACIONES!X13," ESTADO DE POSTVENTAS: ",GENERAL!W14)) -> OK ESTADO DE POSTVENTAS: POSTVENTA CORREGIDA | Y13: =+IF(GENERAL!Z14=GENERAL!$AI$2,GENERAL!$AI$2,CONCATENATE(OBSERVACIONES!Y13," ESTADO DE POSTVENTAS: ",GENERAL!Z14)) -> OK ESTADO DE POSTVENTAS: POSTVENTA CORREGIDA | Z13: =+IF(GENERAL!AA14=GENERAL!$AI$2,GENERAL!$AI$2,CONCATENATE(OBSERVACIONES!Z13," ESTADO DE POSTVENTAS: ",GENERAL!AA14)) -> OK ESTADO DE POSTVENTAS: POSTVENTA CORREGIDA | AA13: =+IF(GENERAL!AB14=GENERAL!$AI$2,GENERAL!$AI$2,CONCATENATE(OBSERVACIONES!AA13," ESTADO DE POSTVENTAS: ",GENERAL!AB14)) -> OK ESTADO DE POSTVENTAS: POSTVENTA CORREGIDA | AB13: =+IF(GENERAL!AC14=GENERAL!$AI$2,GENERAL!$AI$2,CONCATENATE(OBSERVACIONES!AB13," ESTADO DE POSTVENTAS: ",GENERAL!AC14)) -> OK ESTADO DE POSTVENTAS: POSTVENTA CORREGIDA | AC13: =+IF(GENERAL!AD14=GENERAL!$AI$2,GENERAL!$AI$2,CONCATENATE(OBSERVACIONES!AC13," ESTADO DE POSTVENTAS: ",GENERAL!AD14)) -> OK ESTADO DE POSTVENTAS: POSTVENTA CORREGIDA | AD13: =+IF(GENERAL!AE14=GENERAL!$AI$2,GENERAL!$AI$2,CONCATENATE(OBSERVACIONES!AD13," ESTADO DE POSTVENTAS: ",GENERAL!AE14)) -> OK ESTADO DE POSTVENTAS: POSTVENTA CORREGIDA | AE13: =+IF(GENERAL!AF14=GENERAL!$AI$2,GENERAL!$AI$2,CONCATENATE(OBSERVACIONES!AE13," ESTADO DE POSTVENTAS: ",GENERAL!AF14)) -> OK ESTADO DE POSTVENTAS: POSTVENTA CORREGIDA | AF13: =+IF(GENERAL!AG14=GENERAL!$AI$2,GENERAL!$AI$2,CONCATENATE(OBSERVACIONES!AF13," ESTADO DE POSTVENTAS: ",GENERAL!AG14)) -> OK ESTADO DE POSTVENTAS: POSTVENTA CORREGIDA | ... AH13: =+IF(GENERAL!AI14=GENERAL!$AI$2,GENERAL!$AI$2,CONCATENATE(OBSERVACIONES!AH13," ESTADO DE POSTVENTAS: ",GENERAL!AI14)) -> OK ESTADO DE POSTVENTAS: POSTVENTA CORREGIDA | AI13: =+IF(GENERAL!AG14=GENERAL!$AI$2,GENERAL!$AI$2,CONCATENATE(OBSERVACIONES!AF13," ESTADO DE POSTVENTAS: ",GENERAL!AG14)) -> OK ESTADO DE POSTVENTAS: POSTVENTA CORREGIDA | AJ13: =+IF(GENERAL!AI14=GENERAL!$AI$2,GENERAL!$AI$2,CONCATENATE(OBSERVACIONES!AH13," ESTADO DE POSTVENTAS: ",GENERAL!AI14)) -> OK ESTADO DE POSTVENTAS: POSTVENTA CORREGIDA | AK13: =+IF(GENERAL!AJ14=GENERAL!$AI$2,GENERAL!$AI$2,CONCATENATE(OBSERVACIONES!AI13," ESTADO DE POSTVENTAS: ",GENERAL!AJ14)) -> OK ESTADO DE POSTVENTAS: POSTVENTA CORREGIDA | AL13: =+IF(GENERAL!AK14=GENERAL!$AI$2,GENERAL!$AI$2,CONCATENATE(OBSERVACIONES!AJ13," ESTADO DE POSTVENTAS: ",GENERAL!AK14)) -> OK ESTADO DE POSTVENTAS: POSTVENTA CORREGIDA | AM13: =+IF(GENERAL!AN14=GENERAL!$AI$2,GENERAL!$AI$2,CONCATENATE(OBSERVACIONES!AM13," ESTADO DE POSTVENTAS: ",GENERAL!AN14)) -> OK ESTADO DE POSTVENTAS: POSTVENTA CORREGIDA | AN13: 0 | AO13: 11 | AP13: 3 | AQ13: 0 | AR13: 14 | AS13: 12 | AT13: =COUNTIFS($D$5:$AM$5,"<>"&CODICIONALES!$A$1,$D$5:$AM$5,"<>"&CODICIONALES!$A$2,$D$5:$AM$5,"<>"&CODICIONALES!$B$2,$D$5:$AM$5,"<>"&CODICIONALES!$C$2) -> 6 | AU13: =COUNTIFS(D13:AM13,CODICIONALES!$A$2) -> 34 | AV13: =COUNTA(D13:AM13)-SUM(AT13:AU13) -> -4
B14: 10 | C14: Tablero Electrico | D14: =+IF(GENERAL!E15=GENERAL!$AI$2,GENERAL!$AI$2,CONCATENATE(OBSERVACIONES!D14," ESTADO DE POSTVENTAS: ",GENERAL!E15)) -> NO ENTREGADO ESTADO DE POSTVENTAS: TIENE POSTVENTA | E14: =+IF(GENERAL!F15=GENERAL!$AI$2,GENERAL!$AI$2,CONCATENATE(OBSERVACIONES!E14," ESTADO DE POSTVENTAS: ",GENERAL!F15)) -> OK ESTADO DE POSTVENTAS: POSTVENTA CORREGIDA | F14: =+IF(GENERAL!G15=GENERAL!$AI$2,GENERAL!$AI$2,CONCATENATE(OBSERVACIONES!F14," ESTADO DE POSTVENTAS: ",GENERAL!G15)) -> OK ESTADO DE POSTVENTAS: POSTVENTA CORREGIDA | G14: =+IF(GENERAL!H15=GENERAL!$AI$2,GENERAL!$AI$2,CONCATENATE(OBSERVACIONES!G14," ESTADO DE POSTVENTAS: ",GENERAL!H15)) -> NO ENTREGADO ESTADO DE POSTVENTAS: TIENE POSTVENTA | H14: =+IF(GENERAL!I15=GENERAL!$AI$2,GENERAL!$AI$2,CONCATENATE(OBSERVACIONES!H14," ESTADO DE POSTVENTAS: ",GENERAL!I15)) -> OK ESTADO DE POSTVENTAS: POSTVENTA CORREGIDA | I14: =+IF(GENERAL!J15=GENERAL!$AI$2,GENERAL!$AI$2,CONCATENATE(OBSERVACIONES!I14," ESTADO DE POSTVENTAS: ",GENERAL!J15)) -> OK ESTADO DE POSTVENTAS: POSTVENTA CORREGIDA | J14: =+IF(GENERAL!K15=GENERAL!$AI$2,GENERAL!$AI$2,CONCATENATE(OBSERVACIONES!J14," ESTADO DE POSTVENTAS: ",GENERAL!K15)) -> OK ESTADO DE POSTVENTAS: POSTVENTA CORREGIDA | K14: =+IF(GENERAL!L15=GENERAL!$AI$2,GENERAL!$AI$2,CONCATENATE(OBSERVACIONES!K14," ESTADO DE POSTVENTAS: ",GENERAL!L15)) -> OK ESTADO DE POSTVENTAS: POSTVENTA CORREGIDA | ... V14: =+IF(GENERAL!W15=GENERAL!$AI$2,GENERAL!$AI$2,CONCATENATE(OBSERVACIONES!V14," ESTADO DE POSTVENTAS: ",GENERAL!W15)) -> OK ESTADO DE POSTVENTAS: POSTVENTA CORREGIDA | W14: =+IF(GENERAL!V15=GENERAL!$AI$2,GENERAL!$AI$2,CONCATENATE(OBSERVACIONES!W14," ESTADO DE POSTVENTAS: ",GENERAL!V15)) -> OK ESTADO DE POSTVENTAS: POSTVENTA CORREGIDA | X14: =+IF(GENERAL!W15=GENERAL!$AI$2,GENERAL!$AI$2,CONCATENATE(OBSERVACIONES!X14," ESTADO DE POSTVENTAS: ",GENERAL!W15)) -> OK ESTADO DE POSTVENTAS: POSTVENTA CORREGIDA | Y14: =+IF(GENERAL!Z15=GENERAL!$AI$2,GENERAL!$AI$2,CONCATENATE(OBSERVACIONES!Y14," ESTADO DE POSTVENTAS: ",GENERAL!Z15)) -> OK ESTADO DE POSTVENTAS: POSTVENTA CORREGIDA | Z14: =+IF(GENERAL!AA15=GENERAL!$AI$2,GENERAL!$AI$2,CONCATENATE(OBSERVACIONES!Z14," ESTADO DE POSTVENTAS: ",GENERAL!AA15)) -> OK ESTADO DE POSTVENTAS: POSTVENTA CORREGIDA | AA14: =+IF(GENERAL!AB15=GENERAL!$AI$2,GENERAL!$AI$2,CONCATENATE(OBSERVACIONES!AA14," ESTADO DE POSTVENTAS: ",GENERAL!AB15)) -> OK ESTADO DE POSTVENTAS: POSTVENTA CORREGIDA | AB14: =+IF(GENERAL!AC15=GENERAL!$AI$2,GENERAL!$AI$2,CONCATENATE(OBSERVACIONES!AB14," ESTADO DE POSTVENTAS: ",GENERAL!AC15)) -> OK ESTADO DE POSTVENTAS: POSTVENTA CORREGIDA | AC14: =+IF(GENERAL!AD15=GENERAL!$AI$2,GENERAL!$AI$2,CONCATENATE(OBSERVACIONES!AC14," ESTADO DE POSTVENTAS: ",GENERAL!AD15)) -> OK ESTADO DE POSTVENTAS: POSTVENTA CORREGIDA | AD14: =+IF(GENERAL!AE15=GENERAL!$AI$2,GENERAL!$AI$2,CONCATENATE(OBSERVACIONES!AD14," ESTADO DE POSTVENTAS: ",GENERAL!AE15)) -> OK ESTADO DE POSTVENTAS: POSTVENTA CORREGIDA | AE14: =+IF(GENERAL!AF15=GENERAL!$AI$2,GENERAL!$AI$2,CONCATENATE(OBSERVACIONES!AE14," ESTADO DE POSTVENTAS: ",GENERAL!AF15)) -> OK ESTADO DE POSTVENTAS: POSTVENTA CORREGIDA | AF14: =+IF(GENERAL!AG15=GENERAL!$AI$2,GENERAL!$AI$2,CONCATENATE(OBSERVACIONES!AF14," ESTADO DE POSTVENTAS: ",GENERAL!AG15)) -> OK ESTADO DE POSTVENTAS: POSTVENTA CORREGIDA | ... AH14: =+IF(GENERAL!AI15=GENERAL!$AI$2,GENERAL!$AI$2,CONCATENATE(OBSERVACIONES!AH14," ESTADO DE POSTVENTAS: ",GENERAL!AI15)) -> OK ESTADO DE POSTVENTAS: POSTVENTA CORREGIDA | AI14: =+IF(GENERAL!AG15=GENERAL!$AI$2,GENERAL!$AI$2,CONCATENATE(OBSERVACIONES!AF14," ESTADO DE POSTVENTAS: ",GENERAL!AG15)) -> OK ESTADO DE POSTVENTAS: POSTVENTA CORREGIDA | AJ14: =+IF(GENERAL!AI15=GENERAL!$AI$2,GENERAL!$AI$2,CONCATENATE(OBSERVACIONES!AH14," ESTADO DE POSTVENTAS: ",GENERAL!AI15)) -> OK ESTADO DE POSTVENTAS: POSTVENTA CORREGIDA | AK14: =+IF(GENERAL!AJ15=GENERAL!$AI$2,GENERAL!$AI$2,CONCATENATE(OBSERVACIONES!AI14," ESTADO DE POSTVENTAS: ",GENERAL!AJ15)) -> OK ESTADO DE POSTVENTAS: POSTVENTA CORREGIDA | AL14: =+IF(GENERAL!AK15=GENERAL!$AI$2,GENERAL!$AI$2,CONCATENATE(OBSERVACIONES!AJ14," ESTADO DE POSTVENTAS: ",GENERAL!AK15)) -> OK ESTADO DE POSTVENTAS: POSTVENTA CORREGIDA | AM14: =+IF(GENERAL!AN15=GENERAL!$AI$2,GENERAL!$AI$2,CONCATENATE(OBSERVACIONES!AM14," ESTADO DE POSTVENTAS: ",GENERAL!AN15)) -> OK ESTADO DE POSTVENTAS: POSTVENTA CORREGIDA | AN14: 2 | AO14: 9 | AP14: 3 | AQ14: 1 | AR14: 13 | AS14: 12 | AT14: =COUNTIFS($D$5:$AM$5,"<>"&CODICIONALES!$A$1,$D$5:$AM$5,"<>"&CODICIONALES!$A$2,$D$5:$AM$5,"<>"&CODICIONALES!$B$2,$D$5:$AM$5,"<>"&CODICIONALES!$C$2) -> 6 | AU14: =COUNTIFS(D14:AM14,CODICIONALES!$A$2) -> 33 | AV14: =COUNTA(D14:AM14)-SUM(AT14:AU14) -> -3
B15: 11 | C15: Cuñas | D15: =+IF(GENERAL!E16=GENERAL!$AI$2,GENERAL!$AI$2,CONCATENATE(OBSERVACIONES!D15," ESTADO DE POSTVENTAS: ",GENERAL!E16)) -> NO ENTREGADO ESTADO DE POSTVENTAS: TIENE POSTVENTA | E15: =+IF(GENERAL!F16=GENERAL!$AI$2,GENERAL!$AI$2,CONCATENATE(OBSERVACIONES!E15," ESTADO DE POSTVENTAS: ",GENERAL!F16)) -> OK ESTADO DE POSTVENTAS: POSTVENTA CORREGIDA | F15: =+IF(GENERAL!G16=GENERAL!$AI$2,GENERAL!$AI$2,CONCATENATE(OBSERVACIONES!F15," ESTADO DE POSTVENTAS: ",GENERAL!G16)) -> OK ESTADO DE POSTVENTAS: POSTVENTA CORREGIDA | G15: =+IF(GENERAL!H16=GENERAL!$AI$2,GENERAL!$AI$2,CONCATENATE(OBSERVACIONES!G15," ESTADO DE POSTVENTAS: ",GENERAL!H16)) -> NO ENTREGADO ESTADO DE POSTVENTAS: TIENE POSTVENTA | H15: =+IF(GENERAL!I16=GENERAL!$AI$2,GENERAL!$AI$2,CONCATENATE(OBSERVACIONES!H15," ESTADO DE POSTVENTAS: ",GENERAL!I16)) -> OK ESTADO DE POSTVENTAS: POSTVENTA CORREGIDA | I15: =+IF(GENERAL!J16=GENERAL!$AI$2,GENERAL!$AI$2,CONCATENATE(OBSERVACIONES!I15," ESTADO DE POSTVENTAS: ",GENERAL!J16)) -> OK ESTADO DE POSTVENTAS: POSTVENTA CORREGIDA | J15: =+IF(GENERAL!K16=GENERAL!$AI$2,GENERAL!$AI$2,CONCATENATE(OBSERVACIONES!J15," ESTADO DE POSTVENTAS: ",GENERAL!K16)) -> OK ESTADO DE POSTVENTAS: POSTVENTA CORREGIDA | K15: =+IF(GENERAL!L16=GENERAL!$AI$2,GENERAL!$AI$2,CONCATENATE(OBSERVACIONES!K15," ESTADO DE POSTVENTAS: ",GENERAL!L16)) -> OK ESTADO DE POSTVENTAS: POSTVENTA CORREGIDA | ... V15: =+IF(GENERAL!W16=GENERAL!$AI$2,GENERAL!$AI$2,CONCATENATE(OBSERVACIONES!V15," ESTADO DE POSTVENTAS: ",GENERAL!W16)) -> OK ESTADO DE POSTVENTAS: POSTVENTA CORREGIDA | W15: =+IF(GENERAL!V16=GENERAL!$AI$2,GENERAL!$AI$2,CONCATENATE(OBSERVACIONES!W15," ESTADO DE POSTVENTAS: ",GENERAL!V16)) -> OK ESTADO DE POSTVENTAS: POSTVENTA CORREGIDA | X15: =+IF(GENERAL!W16=GENERAL!$AI$2,GENERAL!$AI$2,CONCATENATE(OBSERVACIONES!X15," ESTADO DE POSTVENTAS: ",GENERAL!W16)) -> OK ESTADO DE POSTVENTAS: POSTVENTA CORREGIDA | Y15: =+IF(GENERAL!Z16=GENERAL!$AI$2,GENERAL!$AI$2,CONCATENATE(OBSERVACIONES!Y15," ESTADO DE POSTVENTAS: ",GENERAL!Z16)) -> OK ESTADO DE POSTVENTAS: POSTVENTA CORREGIDA | Z15: =+IF(GENERAL!AA16=GENERAL!$AI$2,GENERAL!$AI$2,CONCATENATE(OBSERVACIONES!Z15," ESTADO DE POSTVENTAS: ",GENERAL!AA16)) -> OK ESTADO DE POSTVENTAS: POSTVENTA CORREGIDA | AA15: =+IF(GENERAL!AB16=GENERAL!$AI$2,GENERAL!$AI$2,CONCATENATE(OBSERVACIONES!AA15," ESTADO DE POSTVENTAS: ",GENERAL!AB16)) -> OK ESTADO DE POSTVENTAS: POSTVENTA CORREGIDA | AB15: =+IF(GENERAL!AC16=GENERAL!$AI$2,GENERAL!$AI$2,CONCATENATE(OBSERVACIONES!AB15," ESTADO DE POSTVENTAS: ",GENERAL!AC16)) -> OK ESTADO DE POSTVENTAS: POSTVENTA CORREGIDA | AC15: =+IF(GENERAL!AD16=GENERAL!$AI$2,GENERAL!$AI$2,CONCATENATE(OBSERVACIONES!AC15," ESTADO DE POSTVENTAS: ",GENERAL!AD16)) -> OK ESTADO DE POSTVENTAS: POSTVENTA CORREGIDA | AD15: =+IF(GENERAL!AE16=GENERAL!$AI$2,GENERAL!$AI$2,CONCATENATE(OBSERVACIONES!AD15," ESTADO DE POSTVENTAS: ",GENERAL!AE16)) -> OK ESTADO DE POSTVENTAS: POSTVENTA CORREGIDA | AE15: =+IF(GENERAL!AF16=GENERAL!$AI$2,GENERAL!$AI$2,CONCATENATE(OBSERVACIONES!AE15," ESTADO DE POSTVENTAS: ",GENERAL!AF16)) -> OK ESTADO DE POSTVENTAS: POSTVENTA CORREGIDA | AF15: =+IF(GENERAL!AG16=GENERAL!$AI$2,GENERAL!$AI$2,CONCATENATE(OBSERVACIONES!AF15," ESTADO DE POSTVENTAS: ",GENERAL!AG16)) -> OK ESTADO DE POSTVENTAS: POSTVENTA CORREGIDA | ... AH15: =+IF(GENERAL!AI16=GENERAL!$AI$2,GENERAL!$AI$2,CONCATENATE(OBSERVACIONES!AH15," ESTADO DE POSTVENTAS: ",GENERAL!AI16)) -> OK ESTADO DE POSTVENTAS: POSTVENTA CORREGIDA | AI15: =+IF(GENERAL!AG16=GENERAL!$AI$2,GENERAL!$AI$2,CONCATENATE(OBSERVACIONES!AF15," ESTADO DE POSTVENTAS: ",GENERAL!AG16)) -> OK ESTADO DE POSTVENTAS: POSTVENTA CORREGIDA | AJ15: =+IF(GENERAL!AI16=GENERAL!$AI$2,GENERAL!$AI$2,CONCATENATE(OBSERVACIONES!AH15," ESTADO DE POSTVENTAS: ",GENERAL!AI16)) -> OK ESTADO DE POSTVENTAS: POSTVENTA CORREGIDA | AK15: =+IF(GENERAL!AJ16=GENERAL!$AI$2,GENERAL!$AI$2,CONCATENATE(OBSERVACIONES!AI15," ESTADO DE POSTVENTAS: ",GENERAL!AJ16)) -> OK ESTADO DE POSTVENTAS: POSTVENTA CORREGIDA | AL15: =+IF(GENERAL!AK16=GENERAL!$AI$2,GENERAL!$AI$2,CONCATENATE(OBSERVACIONES!AJ15," ESTADO DE POSTVENTAS: ",GENERAL!AK16)) -> OK ESTADO DE POSTVENTAS: POSTVENTA CORREGIDA | AM15: =+IF(GENERAL!AN16=GENERAL!$AI$2,GENERAL!$AI$2,CONCATENATE(OBSERVACIONES!AM15," ESTADO DE POSTVENTAS: ",GENERAL!AN16)) -> OK ESTADO DE POSTVENTAS: POSTVENTA CORREGIDA | AN15: 0 | AO15: 11 | AP15: 3 | AQ15: 0 | AR15: 14 | AS15: 12 | AT15: =COUNTIFS($D$5:$AM$5,"<>"&CODICIONALES!$A$1,$D$5:$AM$5,"<>"&CODICIONALES!$A$2,$D$5:$AM$5,"<>"&CODICIONALES!$B$2,$D$5:$AM$5,"<>"&CODICIONALES!$C$2) -> 6 | AU15: =COUNTIFS(D15:AM15,CODICIONALES!$A$2) -> 34 | AV15: =COUNTA(D15:AM15)-SUM(AT15:AU15) -> -4
B16: 12 | C16: Puertaventana Corrediza | D16: =+IF(GENERAL!E17=GENERAL!$AI$2,GENERAL!$AI$2,CONCATENATE(OBSERVACIONES!D16," ESTADO DE POSTVENTAS: ",GENERAL!E17)) -> NO ENTREGADO ESTADO DE POSTVENTAS: TIENE POSTVENTA | E16: =+IF(GENERAL!F17=GENERAL!$AI$2,GENERAL!$AI$2,CONCATENATE(OBSERVACIONES!E16," ESTADO DE POSTVENTAS: ",GENERAL!F17)) -> OK ESTADO DE POSTVENTAS: POSTVENTA CORREGIDA | F16: =+IF(GENERAL!G17=GENERAL!$AI$2,GENERAL!$AI$2,CONCATENATE(OBSERVACIONES!F16," ESTADO DE POSTVENTAS: ",GENERAL!G17)) -> OK ESTADO DE POSTVENTAS: POSTVENTA CORREGIDA | G16: =+IF(GENERAL!H17=GENERAL!$AI$2,GENERAL!$AI$2,CONCATENATE(OBSERVACIONES!G16," ESTADO DE POSTVENTAS: ",GENERAL!H17)) -> NO ENTREGADO ESTADO DE POSTVENTAS: TIENE POSTVENTA | H16: =+IF(GENERAL!I17=GENERAL!$AI$2,GENERAL!$AI$2,CONCATENATE(OBSERVACIONES!H16," ESTADO DE POSTVENTAS: ",GENERAL!I17)) -> OK ESTADO DE POSTVENTAS: POSTVENTA CORREGIDA | I16: =+IF(GENERAL!J17=GENERAL!$AI$2,GENERAL!$AI$2,CONCATENATE(OBSERVACIONES!I16," ESTADO DE POSTVENTAS: ",GENERAL!J17)) -> OK ESTADO DE POSTVENTAS: POSTVENTA CORREGIDA | J16: =+IF(GENERAL!K17=GENERAL!$AI$2,GENERAL!$AI$2,CONCATENATE(OBSERVACIONES!J16," ESTADO DE POSTVENTAS: ",GENERAL!K17)) -> OK ESTADO DE POSTVENTAS: POSTVENTA CORREGIDA | K16: =+IF(GENERAL!L17=GENERAL!$AI$2,GENERAL!$AI$2,CONCATENATE(OBSERVACIONES!K16," ESTADO DE POSTVENTAS: ",GENERAL!L17)) -> OK ESTADO DE POSTVENTAS: POSTVENTA CORREGIDA | ... V16: =+IF(GENERAL!W17=GENERAL!$AI$2,GENERAL!$AI$2,CONCATENATE(OBSERVACIONES!V16," ESTADO DE POSTVENTAS: ",GENERAL!W17)) -> OK ESTADO DE POSTVENTAS: POSTVENTA CORREGIDA | W16: =+IF(GENERAL!V17=GENERAL!$AI$2,GENERAL!$AI$2,CONCATENATE(OBSERVACIONES!W16," ESTADO DE POSTVENTAS: ",GENERAL!V17)) -> OK ESTADO DE POSTVENTAS: POSTVENTA CORREGIDA | X16: =+IF(GENERAL!W17=GENERAL!$AI$2,GENERAL!$AI$2,CONCATENATE(OBSERVACIONES!X16," ESTADO DE POSTVENTAS: ",GENERAL!W17)) -> OK ESTADO DE POSTVENTAS: POSTVENTA CORREGIDA | Y16: =+IF(GENERAL!Z17=GENERAL!$AI$2,GENERAL!$AI$2,CONCATENATE(OBSERVACIONES!Y16," ESTADO DE POSTVENTAS: ",GENERAL!Z17)) -> OK ESTADO DE POSTVENTAS: POSTVENTA CORREGIDA | Z16: =+IF(GENERAL!AA17=GENERAL!$AI$2,GENERAL!$AI$2,CONCATENATE(OBSERVACIONES!Z16," ESTADO DE POSTVENTAS: ",GENERAL!AA17)) -> OK ESTADO DE POSTVENTAS: POSTVENTA CORREGIDA | AA16: =+IF(GENERAL!AB17=GENERAL!$AI$2,GENERAL!$AI$2,CONCATENATE(OBSERVACIONES!AA16," ESTADO DE POSTVENTAS: ",GENERAL!AB17)) -> DETALLE FIJAADO ESTADO DE POSTVENTAS: TIENE POSTVENTA | AB16: =+IF(GENERAL!AC17=GENERAL!$AI$2,GENERAL!$AI$2,CONCATENATE(OBSERVACIONES!AB16," ESTADO DE POSTVENTAS: ",GENERAL!AC17)) -> OK ESTADO DE POSTVENTAS: POSTVENTA CORREGIDA | AC16: =+IF(GENERAL!AD17=GENERAL!$AI$2,GENERAL!$AI$2,CONCATENATE(OBSERVACIONES!AC16," ESTADO DE POSTVENTAS: ",GENERAL!AD17)) -> OK ESTADO DE POSTVENTAS: POSTVENTA CORREGIDA | AD16: =+IF(GENERAL!AE17=GENERAL!$AI$2,GENERAL!$AI$2,CONCATENATE(OBSERVACIONES!AD16," ESTADO DE POSTVENTAS: ",GENERAL!AE17)) -> OK ESTADO DE POSTVENTAS: POSTVENTA CORREGIDA | AE16: =+IF(GENERAL!AF17=GENERAL!$AI$2,GENERAL!$AI$2,CONCATENATE(OBSERVACIONES!AE16," ESTADO DE POSTVENTAS: ",GENERAL!AF17)) -> OK ESTADO DE POSTVENTAS: POSTVENTA CORREGIDA | AF16: =+IF(GENERAL!AG17=GENERAL!$AI$2,GENERAL!$AI$2,CONCATENATE(OBSERVACIONES!AF16," ESTADO DE POSTVENTAS: ",GENERAL!AG17)) -> OK ESTADO DE POSTVENTAS: POSTVENTA CORREGIDA | ... AH16: =+IF(GENERAL!AI17=GENERAL!$AI$2,GENERAL!$AI$2,CONCATENATE(OBSERVACIONES!AH16," ESTADO DE POSTVENTAS: ",GENERAL!AI17)) -> OK ESTADO DE POSTVENTAS: POSTVENTA CORREGIDA | AI16: =+IF(GENERAL!AG17=GENERAL!$AI$2,GENERAL!$AI$2,CONCATENATE(OBSERVACIONES!AF16," ESTADO DE POSTVENTAS: ",GENERAL!AG17)) -> OK ESTADO DE POSTVENTAS: POSTVENTA CORREGIDA | AJ16: =+IF(GENERAL!AI17=GENERAL!$AI$2,GENERAL!$AI$2,CONCATENATE(OBSERVACIONES!AH16," ESTADO DE POSTVENTAS: ",GENERAL!AI17)) -> OK ESTADO DE POSTVENTAS: POSTVENTA CORREGIDA | AK16: =+IF(GENERAL!AJ17=GENERAL!$AI$2,GENERAL!$AI$2,CONCATENATE(OBSERVACIONES!AI16," ESTADO DE POSTVENTAS: ",GENERAL!AJ17)) -> OK ESTADO DE POSTVENTAS: POSTVENTA CORREGIDA | AL16: =+IF(GENERAL!AK17=GENERAL!$AI$2,GENERAL!$AI$2,CONCATENATE(OBSERVACIONES!AJ16," ESTADO DE POSTVENTAS: ",GENERAL!AK17)) -> OK ESTADO DE POSTVENTAS: POSTVENTA CORREGIDA | AM16: =+IF(GENERAL!AN17=GENERAL!$AI$2,GENERAL!$AI$2,CONCATENATE(OBSERVACIONES!AM16," ESTADO DE POSTVENTAS: ",GENERAL!AN17)) -> OK ESTADO DE POSTVENTAS: POSTVENTA CORREGIDA | AN16: 7 | AO16: 4 | AP16: 3 | AQ16: 5 | AR16: 10 | AS16: 11 | AT16: =COUNTIFS($D$5:$AM$5,"<>"&CODICIONALES!$A$1,$D$5:$AM$5,"<>"&CODICIONALES!$A$2,$D$5:$AM$5,"<>"&CODICIONALES!$B$2,$D$5:$AM$5,"<>"&CODICIONALES!$C$2) -> 6 | AU16: =COUNTIFS(D16:AM16,CODICIONALES!$A$2) -> 33 | AV16: =COUNTA(D16:AM16)-SUM(AT16:AU16) -> -3
